file,image,venue_name,venue_location,date,act_name,performer,description,billing_notes,ticket_prices
NFA178R12-267,,Argyle Theatre of Varieties,Birkenhead,"Monday, July 19, 1920",Vivacious Vocalism,Fred Lake,,,
NFA178R12-267,,Argyle Theatre of Varieties,Birkenhead,"Monday, July 19, 1920",Vivacious Vocalism,Tom Barrasford,,,
NFA178R12-267,,Argyle Theatre of Varieties,Birkenhead,"Monday, July 19 1920",Songs without Singer' 'Voices on Strings' A wonderful and perfect limitation of the Human Voice on Instruments,Miles Stavordale,,,
NFA178R12-267,,Argyle Theatre of Varieties,Birkenhead,"Monday, July 19 1920","Presenting Songs, Comedy, Dialect",J.H Scotland,,,
NFA178R12-267,,Argyle Theatre of Varieties,Birkenhead,"Monday, July 19 1920","Comedian, who talks a bit and sings a bit",Tom Gott,,,
NFA178R12-267,,Argyle Theatre of Varieties,Birkenhead,"Monday, July 19 1920","Presents the Musical Act, 'Granny's Birthday.'",Madam Godwin,,,
NFA178R12-267,,Argyle Theatre of Varieties,Birkenhead,"Monday, July 19 1920",Brown's Royal Bioscope Showing the latest news in animations,Owyns,,,
NFA178R12-267,,Argyle Theatre of Varieties,Birkenhead,"Monday, July 19 1920",Present 'The Majors reflections.',Murphy & Mack,,,
NFA178R12-263,,Argyle Theatre of Varieties,Birkenhead,"Monday, May 3, 1920",The Singer of some variety's greatest song successes,Whit Gunliffe,,,
NFA178R12-263,,Argyle Theatre of Varieties,Birkenhead,"Monday, May 3, 1920",Who eaterteia with Jolly Soage,Joel Mangin,,,
NFA178R12-263,,Argyle Theatre of Varieties,Birkenhead,"Monday, May 3, 1920",Who eaterteia with Jolly Soage,Syd Kerbel,,,
NFA178R12-263,,Argyle Theatre of Varieties,Birkenhead,"Monday, May 3, 1920",Favourite Character Comedian,Arthur Ferris,,,
NFA178R12-263,,Argyle Theatre of Varieties,Birkenhead,"Monday, May 3, 1920","The World-Famous Musician-Athlete. The Kubelik of the Stroh VIolin and World's Amateur Champion Long Distance Pedestrian Holder of the World's Non-stop Record. The only living man to accomplish the wonderful feat of Walking the the incredible distance of 127 miles and 543 yards in 24 hours, without stopping for a single moment.",Tom Payne,,,
NFA178R12-263,,Argyle Theatre of Varieties,Birkenhead,"Monday, May 3, 1920",(IDA and GRACE) Mexican Speaciality Dancers,Junes,,,
NFA178R12-263,,Argyle Theatre of Varieties,Birkenhead,"Monday, May 3, 1920",Juggling Mumourist,Massona,,,
NFA178R12-263,,Argyle Theatre of Varieties,Birkenhead,"Monday, May 3, 1920",Presenting their classical atheltic act,De Wynne Brothers,,,
NFA178R12-262,,Argyle Theatre of Varieties,Birkenhead,"Monday, April 19, 1920",Popular Comedian Dry and Droll,Wall Langtry,,,
NFA178R12-262,,Argyle Theatre of Varieties,Birkenhead,"Monday, April 19, 1920",In Comedy Character Studies,Dollie,,,
NFA178R12-262,,Argyle Theatre of Varieties,Birkenhead,"Monday, April 19, 1920",In Comedy Character Studies,Billie,,,
NFA178R12-262,,Argyle Theatre of Varieties,Birkenhead,"Monday, April 19, 1920",American Comedy Conjurer,E. J. Moore,,,
NFA178R12-262,,Argyle Theatre of Varieties,Birkenhead,"Monday, April 19, 1920",Dainty Vocalist and Dancer,Frances Kinders,,,
NFA178R12-262,,Argyle Theatre of Varieties,Birkenhead,"Monday, April 19, 1920",England's Smaller Dapper Comedians,Ivor Vinter,,,
NFA178R12-262,,Argyle Theatre of Varieties,Birkenhead,"Monday, April 19, 1920",High class Comedy Act,Jack,,,
NFA178R12-262,,Argyle Theatre of Varieties,Birkenhead,"Monday, April 19, 1920",High class Comedy Act,Butt,,,
NFA178R12-262,,Argyle Theatre of Varieties,Birkenhead,"Monday, April 19, 1920",Prince Charming,Neillie Wigley,,,
NFA178R12-262,,Argyle Theatre of Varieties,Birkenhead,"Monday, April 19, 1920",In Selection from thier repertoire of old fold songs and comedy duets. At the piano- miss julia larkins,Muriel George,,,
NFA178R12-262,,Argyle Theatre of Varieties,Birkenhead,"Monday, April 19, 1920",In Selection from thier repertoire of old fold songs and comedy duets. At the piano- miss julia larkins,Ernect Butcher,,,
NFA178R12-259,,Argyle Theatre of Varieties,Birkenhead,"Monday, February 23, 1920","successfull peter, in plaintive chanaoter comedy",Peter Pariss,,,
NFA178R12-259,,Argyle Theatre of Varieties,Birkenhead,"Monday, February 23, 1920",The Favorite Entertainer without a Piano,Foster Kershaw,,,
NFA178R12-259,,Argyle Theatre of Varieties,Birkenhead,"Monday, February 23, 1920",Duplicants Comedians,Terry Twins,,,
NFA178R12-259,,Argyle Theatre of Varieties,Birkenhead,"Monday, February 23, 1920",Novelty Instrumentalist,Renee,,,
NFA178R12-259,,Argyle Theatre of Varieties,Birkenhead,"Monday, February 23, 1920",Dago and his Black,Emerson,,,
NFA178R12-259,,Argyle Theatre of Varieties,Birkenhead,"Monday, February 23, 1920",Dago and his Black,Gilbert,,,
NFA178R12-259,,Argyle Theatre of Varieties,Birkenhead,"Monday, February 23, 1920",Delightful Comedienne,Diana Dane,,,
NFA178R12-259,,Argyle Theatre of Varieties,Birkenhead,"Monday, February 23, 1920",In Up to dat Songs and Novel Dances,Howard,,,
NFA178R12-259,,Argyle Theatre of Varieties,Birkenhead,"Monday, February 23, 1920",In Up to dat Songs and Novel Dances,Wyndham,,,
NFA178R12-259,,Argyle Theatre of Varieties,Birkenhead,"Monday, February 23, 1920",In Songs and Laughs,May Erne,,,
NFA178R12-259,,Argyle Theatre of Varieties,Birkenhead,"Monday, February 23, 1920",In Songs and Laughs,Erne Chester,,,
NFA178R12-258,,Argyle Theatre of Varieties,Birkenhead,"Monday, February 16, 1920",The Simple One,Ernie Mayne,,,
NFA178R12-258,,Argyle Theatre of Varieties,Birkenhead,"Monday, February 16, 1920","And his harp, assisted by md'lle ninalta, premiere danseuse, In a charming Fantasy, 'The Harpist's Dream.'",Norman Field,,,
NFA178R12-258,,Argyle Theatre of Varieties,Birkenhead,"Monday, February 16, 1920",In a Novel Vocal Comedy Scene,K-Foleys,,,
NFA178R12-258,,Argyle Theatre of Varieties,Birkenhead,"Monday, February 16, 1920","Entertainer, with his voices and piano",George Bolton,,,
NFA178R12-258,,Argyle Theatre of Varieties,Birkenhead,"Monday, February 16, 1920","And a piano, is types of typical talent",Nondescripts,,,
NFA178R12-258,,Argyle Theatre of Varieties,Birkenhead,"Monday, February 16, 1920",Juvenile Entertainer,May Kinahan,,,
NFA178R12-258,,Argyle Theatre of Varieties,Birkenhead,"Monday, February 16, 1920",A beautiful Novelty,Merles Cockatoos,,,
NFA178R12-220,,Argyle Theatre of Varieties,Birkenhead,"Monday, February 2, 1914","In startingly Natural Representation of the many diverting and comic incidents of 'every day life in dog-town,' a wonderful animal pantomime! The organ grinder-the lady of fashion, the town pump, the nursemaid-leap frog, motor 'Buses and motor cars, with dog drivers and passengers- the merry toper-'watchman, what of the night?'-' the policeman's lot is not a happy one'- there was a sound of revelry by night- at the village inn- sweethearts- a warm reception-'time,gentle, please!'- sailing merriiy home-supported by the strong arm of the law- the motor ambulance- 'calm and peaveful will i sleep'-the alarm-fire!-arrival of motor engine and escape- the resecue-watch the marvellous work of the dog fireman",Lipinski's Dog Comedians,,,
NFA178R12-220,,Argyle Theatre of Varieties,Birkenhead,"Monday, February 2, 1914",In his Clever Character Songs,Arhur Lennard,,,
NFA178R12-220,,Argyle Theatre of Varieties,Birkenhead,"Monday, February 2, 1914",A comedy duo per exceilence,J. W. Wilson,,,
NFA178R12-220,,Argyle Theatre of Varieties,Birkenhead,"Monday, February 2, 1914",A comedy duo per exceilence,Nellie Waring,,,
NFA178R12-220,,Argyle Theatre of Varieties,Birkenhead,"Monday, February 2, 1914","Comedian in his Character Monologue, 'Sal, old gal'",Billy Simpson,,,
NFA178R12-220,,Argyle Theatre of Varieties,Birkenhead,"Monday, February 2, 1914",The Laughter Makers,Stacey,,,
NFA178R12-220,,Argyle Theatre of Varieties,Birkenhead,"Monday, February 2, 1914",The Laughter Makers,Williams,,,
NFA178R12-220,,Argyle Theatre of Varieties,Birkenhead,"Monday, February 2, 1914",A Clever American's vocal and instrumental act,Harry Thornton,,,
NFA178R12-220,,Argyle Theatre of Varieties,Birkenhead,"Monday, February 2, 1914",A Clever American's vocal and instrumental act,Emma Wagner,,,
NFA178R12-215,,Argyle Theatre of Varieties,Birkenhead,"Monday, July 21, 1913","In a screaming farce, entitled 'getting the bird!' by Aubrey FItzgerals",Aubrey Fitzgerald,,,
NFA178R12-215,,Argyle Theatre of Varieties,Birkenhead,"Monday, July 21, 1913","In a screaming farce, entitled 'getting the bird!' by Aubrey FItzgerals",Frank Hill,,,
NFA178R12-215,,Argyle Theatre of Varieties,Birkenhead,"Monday, July 21, 1913",The popular comedians,Wal Langtry,,,
NFA178R12-215,,Argyle Theatre of Varieties,Birkenhead,"Monday, July 21, 1913","Piano, Song and Laughter","Rathskellar Trio, Mitchell",,,
NFA178R12-215,,Argyle Theatre of Varieties,Birkenhead,"Monday, July 21, 1913","Piano, Song and Laughter","Rathskellar Trio, Wells",,,
NFA178R12-215,,Argyle Theatre of Varieties,Birkenhead,"Monday, July 21, 1913","Piano, Song and Laughter","Rathskellar Trio, Lewis",,,
NFA178R12-215,,Argyle Theatre of Varieties,Birkenhead,"Monday, July 21, 1913","Harmonising Vocalists and Clever Dancer, in a pretty and Original Scene, 'At the seaside'",8 Seaside girls,,,
NFA178R12-215,,Argyle Theatre of Varieties,Birkenhead,"Monday, July 21, 1913",In early closing night,Nita crystal,,,
NFA178R12-215,,Argyle Theatre of Varieties,Birkenhead,"Monday, July 21, 1913",In early closing night,Geoffrey Saville,,,
NFA178R12-215,,Argyle Theatre of Varieties,Birkenhead,"Monday, July 21, 1913",Comedians,Rose Cambry,,,
NFA178R12-215,,Argyle Theatre of Varieties,Birkenhead,"Monday, July 21, 1913",Dainty Duettists and Speciality Dancers,Allen,,,
NFA178R12-215,,Argyle Theatre of Varieties,Birkenhead,"Monday, July 21, 1913",Introducing their famous bucking bicycle,A.D Robbins and his co,,,
NFA178R12-211,,Argyle Theatre of Varieties,Birkenhead,"Monday, June 2, 1913","In a new repertoire, songs on sunny subjects, assisted by mr f wilbur hill",Willette whitaker,,,
NFA178R12-211,,Argyle Theatre of Varieties,Birkenhead,"Monday, June 2, 1913","The world-renowned juggler, predipulator and aviator. Valazzi is the first British music hall artist to obtain a pilot certificate (no 433) for monoplane flying, as granted by the royal aero club of the united kingdom",Valazzi,,,
NFA178R12-211,,Argyle Theatre of Varieties,Birkenhead,"Monday, June 2, 1913",In a reviery of all the newest number in  ragtime,Carr's Juvenile American Ragtime Octette,,,
NFA178R12-211,,Argyle Theatre of Varieties,Birkenhead,"Monday, June 2, 1913",In their drawing room interlude,Stacey,,,
NFA178R12-211,,Argyle Theatre of Varieties,Birkenhead,"Monday, June 2, 1913",In their drawing room interlude,Williams,,,
NFA178R12-211,,Argyle Theatre of Varieties,Birkenhead,"Monday, June 2, 1913",Vocal COmedians,Beatrice Allen,,,
NFA178R12-211,,Argyle Theatre of Varieties,Birkenhead,"Monday, June 2, 1913",Pleasing young soprano Vocalist,Bella Chevaux,,,
NFA178R12-211,,Argyle Theatre of Varieties,Birkenhead,"Monday, June 2, 1913","In their latest episode of coster life, ;the speration order.'",Shirley,,,
NFA178R12-211,,Argyle Theatre of Varieties,Birkenhead,"Monday, June 2, 1913","In their latest episode of coster life, ;the speration order.'",Ramsome,,,
NFA178R12-211,,Argyle Theatre of Varieties,Birkenhead,"Monday, June 2, 1913",The popular comedian,George D'albert,,,
NFA178R12-209,,Argyle Theatre of Varieties,Birkenhead,"Monday, April 7, 1913",Premier principal boy and clever musical comedy artist,Dorothy ward,,,
NFA178R12-209,,Argyle Theatre of Varieties,Birkenhead,"Monday, April 7, 1913",The popular comedian who played 'Mrs. Malone's in the royal court theatre pantomime,Shaun Glenville,,,
NFA178R12-209,,Argyle Theatre of Varieties,Birkenhead,"Monday, April 7, 1913",In a charming vocal and instrumental entertainment,walder wallis,,,
NFA178R12-209,,Argyle Theatre of Varieties,Birkenhead,"Monday, April 7, 1913",The peer of American jugglers. originator of the 'waltzing coin.',Torino,,,
NFA178R12-209,,Argyle Theatre of Varieties,Birkenhead,"Monday, April 7, 1913",A unique aerobatic and equilibristic display,Maningos,,,
NFA178R12-209,,Argyle Theatre of Varieties,Birkenhead,"Monday, April 7, 1913",Coon character deliaetor,J.H Wakeffield,,,
NFA178R12-209,,Argyle Theatre of Varieties,Birkenhead,"Monday, April 7, 1913",In comedy songs and neat dancers,Jenny,,,
NFA178R12-209,,Argyle Theatre of Varieties,Birkenhead,"Monday, April 7, 1913",In comedy songs and neat dancers,Joe ,,,
NFA178R12-209,,Argyle Theatre of Varieties,Birkenhead,"Monday, April 7, 1913",American Comedy Musical Trio,"The three lyres, H.L. Harvey",,,
NFA178R12-209,,Argyle Theatre of Varieties,Birkenhead,"Monday, April 7, 1913",American Comedy Musical Trio,"The three lyres, F. C. Henderson",,,
NFA178R12-209,,Argyle Theatre of Varieties,Birkenhead,"Monday, April 7, 1913",American Comedy Musical Trio,"The three lyres, S. B. Lewis",,,
NFA178R12-208,,Argyle Theatre of Varieties,Birkenhead,"Monday, March 31,1913","In his new scena, baby in india",Wee Georgie Wood,,,
NFA178R12-208,,Argyle Theatre of Varieties,Birkenhead,"Monday, March 31,1913","And west end london company, in a high class, cleveryly written, brilliantly constructed, and faultessly acted, domestio comedy sketch, bad fellows",Beaumont Collins,,,
NFA178R12-208,,Argyle Theatre of Varieties,Birkenhead,"Monday, March 31,1913","In her beautiful scene, in the shadow of the pyramids",May Mars,,,
NFA178R12-208,,Argyle Theatre of Varieties,Birkenhead,"Monday, March 31,1913",Chorus Songster,Nellie Lewis,,,
NFA178R12-208,,Argyle Theatre of Varieties,Birkenhead,"Monday, March 31,1913",Yorkshire comedian,Jack w. Rooke,,,
NFA178R12-208,,Argyle Theatre of Varieties,Birkenhead,"Monday, March 31,1913",Comedy duetists in harmony and troubles,Cosgrove,,,
NFA178R12-208,,Argyle Theatre of Varieties,Birkenhead,"Monday, March 31,1913",Comedy duetists in harmony and troubles,Burns,,,
NFA178R12-208,,Argyle Theatre of Varieties,Birkenhead,"Monday, March 31,1913",In after the trial,Phil Rees stable lads,,,
NFA178R12-208,,Argyle Theatre of Varieties,Birkenhead,"Monday, March 31,1913",Favorite Comedian,Tom E. Dean,,,
NFA178R12-208,,Argyle Theatre of Varieties,Birkenhead,"Monday, March 31,1913","Featuring high laughable buriesque,  the rag-time village",J. P. Ling,,,
NFA178R12-207,,Argyle Theatre of Varieties,Birkinhead,"Monday, March 10, 1913","In their latest VAUDEVILLE, ''Quick Lunch,'' introducing a series of New Songs,Dances, and clever Topical allusions.",Jack,,,
NFA178R12-207,,Argyle Theatre of Varieties,Birkinhead,"Monday, March 10, 1913","In their latest VAUDEVILLE, ''Quick Lunch,'' introducing a series of New Songs,Dances, and clever Topical allusions.",Evelyn,,,
NFA178R12-207,,Argyle Theatre of Varieties,Birkinhead,"Monday, March 10, 1913",An American Novelty Act,Mayme Remington and Her Piccaninnies,,,
NFA178R12-207,,Argyle Theatre of Varieties,Birkinhead,"Monday, March 10, 1913",Favorite Monologist,Gus Hindell,,,
NFA178R12-207,,Argyle Theatre of Varieties,Birkinhead,"Monday, March 10, 1913",Comedy Tramp Musician,Gene Morelle,,,
NFA178R12-207,,Argyle Theatre of Varieties,Birkinhead,"Monday, March 10, 1913",Comedienne,Stella Stahl,,,
NFA178R12-207,,Argyle Theatre of Varieties,Birkinhead,"Monday, March 10, 1913",The Hielan' Laddie,Jack Lorimer,,,
NFA178R12-207,,Argyle Theatre of Varieties,Birkinhead,"Monday, March 10, 1913","In Hits, Bumps, and other things.",Tom,,,
NFA178R12-207,,Argyle Theatre of Varieties,Birkinhead,"Monday, March 10, 1913","In Hits, Bumps, and other things.",Neil,,,
NFA178R12-207,,Argyle Theatre of Varieties,Birkinhead,"Monday, March 10, 1913",Showing the Latest Nolvelties in Life-Motion Pictures,Brown's Royal Bioscope,,,
NFA178R12-207,,Argyle Theatre of Varieties,Birkinhead,"Monday, March 10, 1913",The Original Military Maid,Esta Stella,,,
NFA178R12-205,,Argyle Theatre of Varieties,Birkinhead,"Monday, February 10, 1913",The Jolly Juggling Jesters,Radford,,,
NFA178R12-205,,Argyle Theatre of Varieties,Birkinhead,"Monday, February 10, 1913",The Jolly Juggling Jesters,Valentine,,,
NFA178R12-205,,Argyle Theatre of Varieties,Birkinhead,"Monday, February 10, 1913","The Original ''Servant Girl,'' A Clever Comedienne, in a Series of New Songs and Burlesques",Maggie Benson,,,
NFA178R12-205,,Argyle Theatre of Varieties,Birkinhead,"Monday, February 10, 1913",The Remarkable Japanese Entertainers,Mr. & Miss Debrean,,,
NFA178R12-205,,Argyle Theatre of Varieties,Birkinhead,"Monday, February 10, 1913",The Singer From the French Alps,Henry Helme,,,
NFA178R12-205,,Argyle Theatre of Varieties,Birkinhead,"Monday, February 10, 1913",The Phenomenal Young Violinist and Vocalist.,Haidee De Rance,,,
NFA178R12-205,,Argyle Theatre of Varieties,Birkinhead,"Monday, February 10, 1913",Knockabout Character Comedians,Johnson,,,
NFA178R12-205,,Argyle Theatre of Varieties,Birkinhead,"Monday, February 10, 1913",Knockabout Character Comedians,Bert,,,
NFA178R12-205,,Argyle Theatre of Varieties,Birkinhead,"Monday, February 10, 1913",Eccentric Comedian,Victor Travers,,,
NFA178R12-205,,Argyle Theatre of Varieties,Birkinhead,"Monday, February 10, 1913",The Popular Star Burlesque Comedian,J. W. Rickaby,,,
NFA178R12-204,,Argyle Theatre of Varieties,Birkinhead,"Monday, December 18, 1911",'The Californian Girl.'' A Clever Star Comedienne with a Style completely her own.,Beth Tate,,,
NFA178R12-204,,Argyle Theatre of Varieties,Birkinhead,"Monday, December 18, 1911",'The Lancashire Lad.'' Direct from his Triumphant Tour in America.,Morny Cash,,,
NFA178R12-204,,Argyle Theatre of Varieties,Birkinhead,"Monday, December 18, 1911","In Novelties and Suprises, A combination of Music, Danding, Feats of Dexterity, Trick Comedy and Comic Patter",Four Sollies,,,
NFA178R12-204,,Argyle Theatre of Varieties,Birkinhead,"Monday, December 18, 1911",Edeophone and English Concertina Soleist.,Steve Bartle,,,
NFA178R12-204,,Argyle Theatre of Varieties,Birkinhead,"Monday, December 18, 1911",Scotch Comedienne and Dancer.,Lizzie Glenroy,,,
NFA178R12-204,,Argyle Theatre of Varieties,Birkinhead,"Monday, December 18, 1911",Singer Of Refined Chorus Songs,Ellis Barrieton,,,
NFA178R12-204,,Argyle Theatre of Varieties,Birkinhead,"Monday, December 18, 1911",Performed by a Host of Birkenhead Children,W. Selkirk's,,,
NFA178R12-204,,Argyle Theatre of Varieties,Birkinhead,"Monday, December 18, 1911",Performed by a Host of Birkenhead Children,Boy Scouts,,,
NFA178R12-104,,Argyle Theatre of Varieties,Birkinhead,"Monday, August 10, 1896","The Premier Vaudeville Artistes, In a Comedy Act The Essence of Repleteness",Spry,,,
NFA178R12-104,,Argyle Theatre of Varieties,Birkinhead,"Monday, August 10, 1896","The Premier Vaudeville Artistes, In a Comedy Act The Essence of Repleteness",Florrie Austin,,,
NFA178R12-104,,Argyle Theatre of Varieties,Birkinhead,"Monday, August 10, 1896",The Pleasing Soprano Vocalist,Myra May,,,
NFA178R12-104,,Argyle Theatre of Varieties,Birkinhead,"Monday, August 10, 1896",In a Unique and Mysterious Second-Sight Performance,Howard,,,
NFA178R12-104,,Argyle Theatre of Varieties,Birkinhead,"Monday, August 10, 1896","Eccentric Knockabout Comedians, Vocalists and Dancers, introducing their New and Original Military Act and Song.",Bennett,,,
NFA178R12-104,,Argyle Theatre of Varieties,Birkinhead,"Monday, August 10, 1896","Eccentric Knockabout Comedians, Vocalists and Dancers, introducing their New and Original Military Act and Song.",Martell,,,
NFA178R12-104,,Argyle Theatre of Varieties,Birkinhead,"Monday, August 10, 1896",The Popular London Burlesque Actress,Kate Toole,,,
NFA178R12-104,,Argyle Theatre of Varieties,Birkinhead,"Monday, August 10, 1896",Character Comedian,Little Tony,,,
NFA178R12-104,,Argyle Theatre of Varieties,Birkinhead,"Monday, August 10, 1896",Serio-Comic Vocalist and Dancer,Nora Connor,,,
NFA178R12-104,,Argyle Theatre of Varieties,Birkinhead,"Monday, August 10, 1896",Serio and Ballad Vocalist,Maud Needham,,,
NFA178R12-104,,Argyle Theatre of Varieties,Birkinhead,"Monday, August 10, 1896",The Renowned Character Comedian in all his Ltest Successes,Charles Seel,,,
NFA178R12-103,,Argyle Theatre of Varieties,Birkinhead,"Monday, February 10, 1896","The Renowned Pantomimists, in their Mirth-provoking Sketches",Mannons ,,,
NFA178R12-103,,Argyle Theatre of Varieties,Birkinhead,"Monday, February 10, 1896",South African Dogs! The  Most Wonderful Act Ever Performed By Dogs. Admitted by Press and Public to be Unprecedented,Fillis,,,
NFA178R12-103,,Argyle Theatre of Varieties,Birkinhead,"Monday, February 10, 1896","The Charming Serio-Comic Vocalist, in all her latest Successes. ''Dandini'' in the Rotunda Pantomime.",Valrose,,,
NFA178R12-103,,Argyle Theatre of Varieties,Birkinhead,"Monday, February 10, 1896",Serio-Comedienne and Buriesque Actress. ''Cinderella'' In the Rotunda Pantomime,Cairns,,,
NFA178R12-103,,Argyle Theatre of Varieties,Birkinhead,"Monday, February 10, 1896","Comedian,Author and Descriptive Vocalist",Burnard,,,
NFA178R12-103,,Argyle Theatre of Varieties,Birkinhead,"Monday, February 10, 1896",Wire Equilibrist and Expert Tumbler,Faue,,,
NFA178R12-103,,Argyle Theatre of Varieties,Birkinhead,"Monday, February 10, 1896","Eccentric Comedian and Dancer, From the Empire, London",Harry Zetter,,,
NFA178R12-103,,Argyle Theatre of Varieties,Birkinhead,"Monday, February 10, 1896","'The Artful Card,'' the Greatest Necromancer and Patterer of the Day, assistted by Mr. Sydney Lee in a Marvellous and Bewildering Exhibition of 'Human Telepathy!' The only show of its kind on the variety stage.",Purssord,,,
NFA178R12-103,,Argyle Theatre of Varieties,Birkinhead,"Monday, February 10, 1896",And a Powerful Company,Tennyson,,,
NFA178R12-103,,Argyle Theatre of Varieties,Birkinhead,"Monday, February 10, 1896",And a Powerful Company,O'Gorman,,,
NFA178R12-43,,Argyle Theatre of Varieties,Birkinhead,"Monday, June 12, 1893",One of the most Popular Comedians  & Greatest Character Singers on the Music Hall Stage. His Songs are whistled and sung all over London!,Charles Bignell,,,
NFA178R12-41,,Argyle Theatre of Varieties,Birkinhead,"Monday, May 1, 1893","In their Entirely New Production, ''Jacks Return!''",Daltrey Higgins,,,
NFA178R12-41,,Argyle Theatre of Varieties,Birkinhead,"Monday, May 1, 1893","In their Entirely New Production, ''Jacks Return!''",Selina Seaforth,,,
NFA178R12-41,,Argyle Theatre of Varieties,Birkinhead,"Monday, May 1, 1893","Burlesque Actress, Vocalist and Dancer",Carrie Anderson,,,
NFA178R12-41,,Argyle Theatre of Varieties,Birkinhead,"Monday, May 1, 1893","(Gale and Edith,) Vocalists, Hand Bell Players, Instrumentalists and Expert Dancers",St. Johns,,,
NFA178R12-41,,Argyle Theatre of Varieties,Birkinhead,"Monday, May 1, 1893",Charming Burlesque Actress,Lena Dorrett,,,
NFA178R12-41,,Argyle Theatre of Varieties,Birkinhead,"Monday, May 1, 1893",Most Extraordinary Facial and Burlesque Comedian,Graham,,,
NFA178R12-41,,Argyle Theatre of Varieties,Birkinhead,"Monday, May 1, 1893",Leading Male Impersonator,Nellie Lovell,,,
NFA178R12-41,,Argyle Theatre of Varieties,Birkinhead,"Monday, May 1, 1893",A vocalist you can hear,Fred Gould,,,
NFA178R12-41,,Argyle Theatre of Varieties,Birkinhead,"Monday, May 1, 1893",The Merry Menials,5-Arlottis-5,,,
NFA178R12-40,,Argyle Theatre of Varieties,Birkinhead,"Monday, April 24, 1893",The King of all Irish Comedy Entertainers,Dempsey,,,
NFA178R12-40,,Argyle Theatre of Varieties,Birkinhead,"Monday, April 24, 1893",A vocalist and Dancer unequalled,Leslie,,,
NFA178R12-40,,Argyle Theatre of Varieties,Birkinhead,"Monday, April 24, 1893","A Comedian, A Vocalist, A Dancer",Nixon,,,
NFA178R12-40,,Argyle Theatre of Varieties,Birkinhead,"Monday, April 24, 1893",Whose Performance must be seen to be believed,Pollinta's Wonderful Manikins,,,
NFA178R12-40,,Argyle Theatre of Varieties,Birkinhead,"Monday, April 24, 1893","Duettists, Vocalists and Dancers.",Sisters Hill,,,
NFA178R12-40,,Argyle Theatre of Varieties,Birkinhead,"Monday, April 24, 1893","Black Original Yankee Specialties, - Full of Fun, Novelty and Suprise",Finley,,,
NFA178R12-40,,Argyle Theatre of Varieties,Birkinhead,"Monday, April 24, 1893","Black Original Yankee Specialties, - Full of Fun, Novelty and Suprise",Rankin,,,
NFA178R12-40,,Argyle Theatre of Varieties,Birkinhead,"Monday, April 24, 1893","A Charming Lady, A Descriptive Vocalist. A good Dancer.",Varley,,,
NFA178R12-40,,Argyle Theatre of Varieties,Birkinhead,"Monday, April 24, 1893",The Musical Marvel! Who Performs upon 7 or 8 different Instruments at one time.,Woodhead,,,
NFA178R12-39,,Argyle Theatre of Varieties,Birkinhead,"Monday, April 10, 1893",The Greatest Vocal Actor in the Profession. Hear His Popular Nautical Song - '' LASSES AT THE TOW-ROPE.'',Dunbar,,,
NFA178R12-39,,Argyle Theatre of Varieties,Birkinhead,"Monday, April 10, 1893",Queen of Quick Change Artistes,Cissie Trent,,,
NFA178R12-39,,Argyle Theatre of Varieties,Birkinhead,"Monday, April 10, 1893","Hibernian Vocalist, Comedian and Dancer.",Chippendale,,,
NFA178R12-39,,Argyle Theatre of Varieties,Birkinhead,"Monday, April 10, 1893",Serio-Comic and Descriptive Vocaliist,Miss Retta Richter,,,
NFA178R12-39,,Argyle Theatre of Varieties,Birkinhead,"Monday, April 10, 1893","The Vocal Phenomenon, in his Celebrated Entertainment, '',Mirthful Moments.''",Foster,,,
NFA178R12-39,,Argyle Theatre of Varieties,Birkinhead,"Monday, April 10, 1893",They are retained for another Week,Louisiana Minstrels,,,
NFA178R12-39,,Argyle Theatre of Varieties,Birkinhead,"Monday, April 10, 1893","Wonderful Voice - Favourite Songs, - Splendid Wardrobe.",Polly Redfern,,,
NFA178R12-39,,Argyle Theatre of Varieties,Birkinhead,"Monday, April 10, 1893","The Great Comic, Extempore and Topical Vocalist",Regent,,,
NFA178R12-39,,Argyle Theatre of Varieties,Birkinhead,"Monday, April 10, 1893",Character Vocalist and Dancer.,Omara,,,
NFA178R12-39,,Argyle Theatre of Varieties,Birkinhead,"Monday, April 10, 1893","(Hal and Winnie.) Specialty Performers, Musical Artistes, Artistic Dancers, Double Banjoists and Expert Manipulators of a Beatiful Peal of Silver-toned Bells.",Gatwards,,,
NFA178R12-38,,Argyle Theatre of Varieties,Birkinhead,"Monday, April 3, 1893",The Great Vocal Comedian.,,,,
NFA178R12-38,,Argyle Theatre of Varieties,Birkinhead,"Monday, April 3, 1893",In their Bewildering Performance both Novel and Amusing.,Holmes,,,
NFA178R12-38,,Argyle Theatre of Varieties,Birkinhead,"Monday, April 3, 1893",In their Bewildering Performance both Novel and Amusing.,Miss Marion Lena,,,
NFA178R12-38,,Argyle Theatre of Varieties,Birkinhead,"Monday, April 3, 1893",Character Comic Vocalist - Hear his Great Football Song.,Prince,,,
NFA178R12-38,,Argyle Theatre of Varieties,Birkinhead,"Monday, April 3, 1893","Eccentric Knockabout Comedians, Vocalists and Dancers, introducing their New and Original Military Act and Song.",Sawyer & Ellis,,,
NFA178R12-38,,Argyle Theatre of Varieties,Birkinhead,"Monday, April 3, 1893",The Greatest and Grandest Wizard Show On Earth,De Cone,,,
NFA178R12-38,,Argyle Theatre of Varieties,Birkinhead,"Monday, April 3, 1893",Duettists and Dancers,Leslie,,,
NFA178R12-38,,Argyle Theatre of Varieties,Birkinhead,"Monday, April 3, 1893",Will appear in a Selection from their numerious Sketches nightly,King-Lloyd,,,
NFA178R12-38,,Argyle Theatre of Varieties,Birkinhead,"Monday, April 3, 1893",Will appear in a Selection from their numerious Sketches nightly,Annie King-LLoyd,,,
NFA178R12-38,,Argyle Theatre of Varieties,Birkinhead,"Monday, April 3, 1893",Serio-Comic Vocalist and Dancer.,Violet Reefern,,,
NFA178R12-39,,Argyle Theatre of Varieties,Birkinhead,"Monday, April 3, 1893","In their Renowned and Beautiful Negro Ballads, Glees and Madrigals. See their Imitation of the Roller Skate Dance.",Loisiana Quartette,,,
NFA178R12-37,,Argyle Theatre of Varieties,Birkenhead,"Monday, March 20, 1893","Heroes of Hibernian Comedy. See their Laughable Act, ""Murphy's Dancing Contest.""",Harrison,Time of opening and prices as usual. No extra doors. No pass-out checks.,[no_data],
NFA178R12-37,,Argyle Theatre of Varieties,Birkenhead,"Monday, March 20, 1893",Serio-Comic and Descriptive Vocalist.,Archie Richards,Time of opening and prices as usual. No extra doors. No pass-out checks.,[no_data],
NFA178R12-37,,Argyle Theatre of Varieties,Birkenhead,"Monday, March 20, 1893",American Comedian and Musical Expert.,Emsley,Time of opening and prices as usual. No extra doors. No pass-out checks.,[no_data],
NFA178R12-37,,Argyle Theatre of Varieties,Birkenhead,"Monday, March 20, 1893",Descriptive Vocalist and Empress of Low Comedy.,Nelly Mac,Time of opening and prices as usual. No extra doors. No pass-out checks.,[no_data],
NFA178R12-37,,Argyle Theatre of Varieties,Birkenhead,"Monday, March 20, 1893",Comic Vocalist and Dramatic Reciter.,Cotterill,Time of opening and prices as usual. No extra doors. No pass-out checks.,[no_data],
NFA178R12-37,,Argyle Theatre of Varieties,Birkenhead,"Monday, March 20, 1893","In their Side-splitting Absurdity, entitled ""A Great Mistake!""",Combineation,Time of opening and prices as usual. No extra doors. No pass-out checks.,[no_data],
NFA178R12-37,,Argyle Theatre of Varieties,Birkenhead,"Monday, March 20, 1893",The great Male Impersonator.,Ada Whitton,Time of opening and prices as usual. No extra doors. No pass-out checks.,[no_data],
NFA178R12-37,,Argyle Theatre of Varieties,Birkenhead,"Monday, March 20, 1893",A Superlative Dancer.,Hensey,Time of opening and prices as usual. No extra doors. No pass-out checks.,[no_data],
NFA178R12-37,,Argyle Theatre of Varieties,Birkenhead,"Monday, March 20, 1893","Burlesque Actress, Vocalist and Skirt Dancer.",Barrington,Time of opening and prices as usual. No extra doors. No pass-out checks.,[no_data],
NFA178R12-37,,Argyle Theatre of Varieties,Birkenhead,"Monday, March 20, 1893",The most wonderful Double-Voiced Lady in the Profession.,Massey,Time of opening and prices as usual. No extra doors. No pass-out checks.,[no_data],
NFA178R12-35,,Argyle Theatre of Varieties,Birkenhead,"Monday, December 12, 1892",In all his Wonderful New Impersonations.,Bassett,Time of opening and prices as usual. No pass-out checks.,[no_data],
NFA178R12-35,,Argyle Theatre of Varieties,Birkenhead,"Monday, December 12, 1892",Splendid Serio-Comic Vocalist and Dancer.,Ruth Grosvenor,Time of opening and prices as usual. No pass-out checks.,[no_data],
NFA178R12-35,,Argyle Theatre of Varieties,Birkenhead,"Monday, December 12, 1892",Most Eccentric Character Delineators.,Ashford,Time of opening and prices as usual. No pass-out checks.,[no_data],
NFA178R12-35,,Argyle Theatre of Varieties,Birkenhead,"Monday, December 12, 1892",Most Eccentric Character Delineators.,Guinard,Time of opening and prices as usual. No pass-out checks.,[no_data],
NFA178R12-35,,Argyle Theatre of Varieties,Birkenhead,"Monday, December 12, 1892",American Serio=Comic Vocalist and Burlesque Actress.,Oldene,Time of opening and prices as usual. No pass-out checks.,[no_data],
NFA178R12-35,,Argyle Theatre of Varieties,Birkenhead,"Monday, December 12, 1892",The only Lady Acrobatic and Talking Clown in the Profession,Matthews,Time of opening and prices as usual. No pass-out checks.,[no_data],
NFA178R12-35,,Argyle Theatre of Varieties,Birkenhead,"Monday, December 12, 1892",Vocal Comedian and Burlesque Actor.,Austin Lenton,Time of opening and prices as usual. No pass-out checks.,[no_data],
NFA178R12-35,,Argyle Theatre of Varieties,Birkenhead,"Monday, December 12, 1892","(ROSE AND BLANCHE,) Duettists and Song and Dance Artistes.",Albert,Time of opening and prices as usual. No pass-out checks.,[no_data],
NFA178R12-35,,Argyle Theatre of Varieties,Birkenhead,"Monday, December 12, 1892",Comic Vocalist and Descriptive Actor.,Hayward,Time of opening and prices as usual. No pass-out checks.,[no_data],
NFA178R12-35,,Argyle Theatre of Varieties,Birkenhead,"Monday, December 12, 1892",The Midget Comedian. See him in his latest Successes.,Little Tony,Time of opening and prices as usual. No pass-out checks.,[no_data],
NFA178R12-35,,Argyle Theatre of Varieties,Birkenhead,"Monday, December 12, 1892","Mimical Musical Mashers, Black and White Comedians, Eccentric Performers and Dancers.",Carline,Time of opening and prices as usual. No pass-out checks.,[no_data],
NFA178R12-35,,Argyle Theatre of Varieties,Birkenhead,"Monday, December 12, 1892","Mimical Musical Mashers, Black and White Comedians, Eccentric Performers and Dancers.",Price,Time of opening and prices as usual. No pass-out checks.,[no_data],
NFA178R12-30,,Argyle Theatre of Varieties,Birkenhead,"Monday, October 10, 1892","The Celebrated London Comic Vocalist, In his Latest Specialities and his Popular ""ON THE BACK OF DADDY-OH!""",Sam Torr,Time of opening and prices as usual. No pass-out checks.,[no_data],
NFA178R12-30,,Argyle Theatre of Varieties,Birkenhead,"Monday, October 10, 1892",A Wonderful Soprano Vocalist,D'Semincourt,Time of opening and prices as usual. No pass-out checks.,[no_data],
NFA178R12-30,,Argyle Theatre of Varieties,Birkenhead,"Monday, October 10, 1892",Comic Vocalist and Dancer.,Belmont,Time of opening and prices as usual. No pass-out checks.,[no_data],
NFA178R12-30,,Argyle Theatre of Varieties,Birkenhead,"Monday, October 10, 1892",Specialty Song and Dance Artiste.,Minnie Ghent,Time of opening and prices as usual. No pass-out checks.,[no_data],
NFA178R12-30,,Argyle Theatre of Varieties,Birkenhead,"Monday, October 10, 1892",The Popular Star Comedian and Premier Mimic.,Kavanagh,Time of opening and prices as usual. No pass-out checks.,[no_data],
NFA178R12-30,,Argyle Theatre of Varieties,Birkenhead,"Monday, October 10, 1892",Charming Vocalists and Dancers.,Sisters Leslie,Time of opening and prices as usual. No pass-out checks.,[no_data],
NFA178R12-30,,Argyle Theatre of Varieties,Birkenhead,"Monday, October 10, 1892",In their Wonderful Musical Entertainment.,Temples,Time of opening and prices as usual. No pass-out checks.,[no_data],
NFA178R12-30,,Argyle Theatre of Varieties,Birkenhead,"Monday, October 10, 1892",Irish Entertainer.,Muldoon,Time of opening and prices as usual. No pass-out checks.,[no_data],
NFA178R12-30,,Argyle Theatre of Varieties,Birkenhead,"Monday, October 10, 1892",The Most Amusing Ethiopian Delineator on the English Stage.,Tom Berrick,Time of opening and prices as usual. No pass-out checks.,[no_data],
NFA178R12-28,,Argyle Theatre of Varieties,Birkenhead,"Monday, August 22, 1892","THE BROADWAY SWELLS. Eccentric Comedians, Instrumentalists and Dancers.",Allis,Time of opening and prices as usual.,[no_data],
NFA178R12-28,,Argyle Theatre of Varieties,Birkenhead,"Monday, August 22, 1892","THE BROADWAY SWELLS. Eccentric Comedians, Instrumentalists and Dancers.",Juan,Time of opening and prices as usual.,[no_data],
NFA178R12-28,,Argyle Theatre of Varieties,Birkenhead,"Monday, August 22, 1892",Characteristic Vocalist.,May Arline,Time of opening and prices as usual.,[no_data],
NFA178R12-28,,Argyle Theatre of Varieties,Birkenhead,"Monday, August 22, 1892","In his Latest Successes→""Wives,"" ""It's Awkward,"" ""When You're a Soldier,"" &c.",Rowland,Time of opening and prices as usual.,[no_data],
NFA178R12-28,,Argyle Theatre of Varieties,Birkenhead,"Monday, August 22, 1892",Serio-Comedienne and Speciality Lightning Change Artiste.,Merrie Rosie,Time of opening and prices as usual.,[no_data],
NFA178R12-28,,Argyle Theatre of Varieties,Birkenhead,"Monday, August 22, 1892",Variety Artiste' and Hungarian Boot'Dancer.,Annie Foxcroft,Time of opening and prices as usual.,[no_data],
NFA178R12-28,,Argyle Theatre of Varieties,Birkenhead,"Monday, August 22, 1892","Burlesque Artistes, Vocalists and Dancers.",Sisters Terry,Time of opening and prices as usual.,[no_data],
NFA178R12-28,,Argyle Theatre of Varieties,Birkenhead,"Monday, August 22, 1892",Ethiopan Grotesque and Wonderful Dancer.,James McCail,Time of opening and prices as usual.,[no_data],
NFA178R12-28,,Argyle Theatre of Varieties,Birkenhead,"Monday, August 22, 1892",Dancer and Speciality Artiste.,Darby,Time of opening and prices as usual.,[no_data],
NFA178R12-26,,Argyle Theatre of Varieties,Birkenhead,"Monday, August 8, 1892","Justiy entitled the ""HUMAN SNAKES,"" which performance must be seen to be believed.",Rennie Bros,Time of opening and prices as usual.,[no_data],
NFA178R12-26,,Argyle Theatre of Varieties,Birkenhead,"Monday, August 8, 1892",EXQUISITE VOCALISTS AND DANCERS.,Sisters Kendal,Time of opening and prices as usual.,[no_data],
NFA178R12-26,,Argyle Theatre of Varieties,Birkenhead,"Monday, August 8, 1892",One of the few Legitimate Comic Singers of the present day.,Reynolds,Time of opening and prices as usual.,[no_data],
NFA178R12-26,,Argyle Theatre of Varieties,Birkenhead,"Monday, August 8, 1892",[no_data],Lonsdale,Time of opening and prices as usual.,[no_data],
NFA178R12-26,,Argyle Theatre of Varieties,Birkenhead,"Monday, August 8, 1892",THE SILENT CONVERSATIONALISTS!,Geraghty,Time of opening and prices as usual.,[no_data],
NFA178R12-26,,Argyle Theatre of Varieties,Birkenhead,"Monday, August 8, 1892",THE SILENT CONVERSATIONALISTS!,Gilligan,Time of opening and prices as usual.,[no_data],
NFA178R12-26,,Argyle Theatre of Varieties,Birkenhead,"Monday, August 8, 1892",Burlesque Artists and Character Vocalist.,Horman,Time of opening and prices as usual.,[no_data],
NFA178R12-26,,Argyle Theatre of Varieties,Birkenhead,"Monday, August 8, 1892",THE FAVOURITE DESCRIPTIVE VOCALIST AND DANCER.,Lang,Time of opening and prices as usual.,[no_data],
NFA178R12-26,,Argyle Theatre of Varieties,Birkenhead,"Monday, August 8, 1892",A COMIC VOCALIST YOU CAN UNDERSTAND.,Wright,Time of opening and prices as usual.,[no_data],
NFA178R12-26,,Argyle Theatre of Varieties,Birkenhead,"Monday, August 8, 1892",The Great and Popular Operatic Duettists and Ballad Vocalists,Yates,Time of opening and prices as usual.,[no_data],
NFA178R12-26,,Argyle Theatre of Varieties,Birkenhead,"Monday, August 8, 1892",The Great and Popular Operatic Duettists and Ballad Vocalists,Emslie,Time of opening and prices as usual.,[no_data],
NFA178R12-18,,Argyle Theatre of Varieties,"(Late PRINCE OF WALES), Argyle Street, Birkenhead","Monday, April 6, 1891",THE GREATEST 'IRISH COMEDIANS ON EARTH Their First Engagement in Birkenhead since they appeared in conjunction with the Liverpool STAR Company.,TWO MACS Mike,"Half-price at 9 o'clock to Stalls and Boxes. Doors open at Seven, to commence at Half-past.","3D, 6D, 9D, 1s, 2s",
NFA178R12-18,,Argyle Theatre of Varieties,"(Late PRINCE OF WALES), Argyle Street, Birkenhead","Monday, April 6, 1891",THE GREATEST 'IRISH COMEDIANS ON EARTH Their First Engagement in Birkenhead since they appeared in conjunction with the Liverpool STAR Company.,TWO Macs Joe,"Half-price at 9 o'clock to Stalls and Boxes. Doors open at Seven, to commence at Half-past.","3D, 6D, 9D, 1s, 2s",
NFA178R12-18,,Argyle Theatre of Varieties,"(Late PRINCE OF WALES), Argyle Street, Birkenhead","Monday, April 6, 1891",The Fascinating Serio and Descriptive Vocalist.,Peggy Pond,"Half-price at 9 o'clock to Stalls and Boxes. Doors open at Seven, to commence at Half-past.","3D, 6D, 9D, 1s, 2s",
,,Argyle Theatre of Varieties,"(Late PRINCE OF WALES), Argyle Street, Birkenhead","Monday, April 6, 1891","Instrumentalists, Duettists and Dancers.",Sisters Weston,"Half-price at 9 o'clock to Stalls and Boxes. Doors open at Seven, to commence at Half-past.","3D, 6D, 9D, 1s, 2s",
,,Argyle Theatre of Varieties,"(Late PRINCE OF WALES), Argyle Street, Birkenhead","Monday, April 6, 1891",The Popular Tyrolean Vocalist and Swiss Warbler.,Blane,"Half-price at 9 o'clock to Stalls and Boxes. Doors open at Seven, to commence at Half-past.","3D, 6D, 9D, 1s, 2s",
NFA178R12-18,,Argyle Theatre of Varieties,"(Late PRINCE OF WALES), Argyle Street, Birkenhead","Monday, April 6, 1891",Serio-Comic Vocalist.,Maccabe,"Half-price at 9 o'clock to Stalls and Boxes. Doors open at Seven, to commence at Half-past.","3D, 6D, 9D, 1s, 2s",
NFA178R12-18,,Argyle Theatre of Varieties,"(Late PRINCE OF WALES), Argyle Street, Birkenhead","Monday, April 6, 1891",Military and Comic Vocalist.,Spears,"Half-price at 9 o'clock to Stalls and Boxes. Doors open at Seven, to commence at Half-past.","3D, 6D, 9D, 1s, 2s",
NFA178R12-18,,Argyle Theatre of Varieties,"(Late PRINCE OF WALES), Argyle Street, Birkenhead","Monday, April 6, 1891",[no_data],Hibbs' Quartette,"Half-price at 9 o'clock to Stalls and Boxes. Doors open at Seven, to commence at Half-past.","3D, 6D, 9D, 1s, 2s",
NFA178R12-18,,Argyle Theatre of Varieties,"(Late PRINCE OF WALES), Argyle Street, Birkenhead","Monday, April 6, 1891",THE GREATEST.STAR LOW COMEDY ARTISTE IN THE WORLD POSITIVELY HER LAST SIX NIGHTS.,Lundberg,"Half-price at 9 o'clock to Stalls and Boxes. Doors open at Seven, to commence at Half-past.","3D, 6D, 9D, 1s, 2s",
NFA178R12-18,,Argyle Theatre of Varieties,"(Late PRINCE OF WALES), Argyle Street, Birkenhead","Monday, April 6, 1891",From the London Pavilios.,The Great Millis,"Half-price at 9 o'clock to Stalls and Boxes. Doors open at Seven, to commence at Half-past.","3D, 6D, 9D, 1s, 2s",
NFA178R12-17,,Argyle Theatre of Varieties,"(Late PRINCE OF WALES), Argyle Street, Birkenhead","Monday, Feb 2, 1891",America's Greatest and most Marvellous Performers THE CENTURY'S SENSATION.,Donaldson Brothers,"Half-price at 9 o'clock to Stalls and Boxes. Doors open at Seven, to commence at Half-past.","3D, 6D, 9D, 1s, 2s",
NFA178R12-17,,Argyle Theatre of Varieties,"(Late PRINCE OF WALES), Argyle Street, Birkenhead","Monday, Feb 2, 1891",The Renowned Comic Singer and Champion Dancer,Haslam,"Half-price at 9 o'clock to Stalls and Boxes. Doors open at Seven, to commence at Half-past.","3D, 6D, 9D, 1s, 2s",
NFA178R12-17,,Argyle Theatre of Varieties,"(Late PRINCE OF WALES), Argyle Street, Birkenhead","Monday, Feb 2, 1891",Serio-Comic Vocalist and Dancer.,Carrie Joy,"Half-price at 9 o'clock to Stalls and Boxes. Doors open at Seven, to commence at Half-past.","3D, 6D, 9D, 1s, 2s",
NFA178R12-17,,Argyle Theatre of Varieties,"(Late PRINCE OF WALES), Argyle Street, Birkenhead","Monday, Feb 2, 1891",[no_data],Mataros,"Half-price at 9 o'clock to Stalls and Boxes. Doors open at Seven, to commence at Half-past.","3D, 6D, 9D, 1s, 2s",
NFA178R12-17,,Argyle Theatre of Varieties,"(Late PRINCE OF WALES), Argyle Street, Birkenhead","Monday, Feb 2, 1891",Ballad and Descriptive Vocalist,Edgar Izon,"Half-price at 9 o'clock to Stalls and Boxes. Doors open at Seven, to commence at Half-past.","3D, 6D, 9D, 1s, 2s",
NFA178R12-17,,Argyle Theatre of Varieties,"(Late PRINCE OF WALES), Argyle Street, Birkenhead","Monday, Feb 2, 1891",The Favourite Extempore Vocalist.,West,"Half-price at 9 o'clock to Stalls and Boxes. Doors open at Seven, to commence at Half-past.","3D, 6D, 9D, 1s, 2s",
NFA178R12-17,,Argyle Theatre of Varieties,"(Late PRINCE OF WALES), Argyle Street, Birkenhead","Monday, Feb 2, 1891",Serio-Comic and Dancer,Nellie North,"Half-price at 9 o'clock to Stalls and Boxes. Doors open at Seven, to commence at Half-past.","3D, 6D, 9D, 1s, 2s",
NFA178R12-17,,Argyle Theatre of Varieties,"(Late PRINCE OF WALES), Argyle Street, Birkenhead","Monday, Feb 2, 1891","(FOUR IN Number), In their Great London Success, entitled ""SUNSHINE AFTER RAIN.""",Forrest Combination,"Half-price at 9 o'clock to Stalls and Boxes. Doors open at Seven, to commence at Half-past.","3D, 6D, 9D, 1s, 2s",
NFA178R12-16,,Argyle Theatre of Varieties,"(Late PRINCE OF WALES), Argyle Street, Birkenhead","Monday, Jan 26, 1891","America's Recognised Comedians, In their New and Original Absurdity, entitled 'MIXTURES.'",Frazer,"Half-price at 9 o'clock to Stalls and Boxes. Doors open at Seven, to commence at Half-past.","3D, 6D, 9D, 1s, 2s",
NFA178R12-16,,Argyle Theatre of Varieties,"(Late PRINCE OF WALES), Argyle Street, Birkenhead","Monday, Jan 26, 1891","America's Recognised Comedians, In their New and Original Absurdity, entitled 'MIXTURES.'",Allen,"Half-price at 9 o'clock to Stalls and Boxes. Doors open at Seven, to commence at Half-past.","3D, 6D, 9D, 1s, 2s",
NFA178R12-16,,Argyle Theatre of Varieties,"(Late PRINCE OF WALES), Argyle Street, Birkenhead","Monday, Jan 26, 1891",Serio-comidienne,Gladys Lorne,"Half-price at 9 o'clock to Stalls and Boxes. Doors open at Seven, to commence at Half-past.","3D, 6D, 9D, 1s, 2s",
NFA178R12-16,,Argyle Theatre of Varieties,"(Late PRINCE OF WALES), Argyle Street, Birkenhead","Monday, Jan 26, 1891",Four of the most Original Variety Performers on the Boards.,3 Stannards,"Half-price at 9 o'clock to Stalls and Boxes. Doors open at Seven, to commence at Half-past.","3D, 6D, 9D, 1s, 2s",
NFA178R12-16,,Argyle Theatre of Varieties,"(Late PRINCE OF WALES), Argyle Street, Birkenhead","Monday, Jan 26, 1891",Four of the most Original Variety Performers on the Boards.,Miss Patrick,"Half-price at 9 o'clock to Stalls and Boxes. Doors open at Seven, to commence at Half-past.","3D, 6D, 9D, 1s, 2s",
NFA178R12-16,,Argyle Theatre of Varieties,"(Late PRINCE OF WALES), Argyle Street, Birkenhead","Monday, Jan 26, 1891","The Greatest of all Extempore Vocalists, ""The Captain called the Mate, and the Mate said, Oh !""",West,"Half-price at 9 o'clock to Stalls and Boxes. Doors open at Seven, to commence at Half-past.","3D, 6D, 9D, 1s, 2s",
NFA178R12-16,,Argyle Theatre of Varieties,"(Late PRINCE OF WALES), Argyle Street, Birkenhead","Monday, Jan 26, 1891","The London Favourites, DUelists and Dancers.",Flexmore,"Half-price at 9 o'clock to Stalls and Boxes. Doors open at Seven, to commence at Half-past.","3D, 6D, 9D, 1s, 2s",
NFA178R12-16,,Argyle Theatre of Varieties,"(Late PRINCE OF WALES), Argyle Street, Birkenhead","Monday, Jan 26, 1891",In their Classical and Comical Performance on the Triple Horizontal Bars.,Voltynes,"Half-price at 9 o'clock to Stalls and Boxes. Doors open at Seven, to commence at Half-past.","3D, 6D, 9D, 1s, 2s",
NFA178R12-16,,Argyle Theatre of Varieties,"(Late PRINCE OF WALES), Argyle Street, Birkenhead","Monday, Jan 26, 1891",Comedian and Dancer.,Ted Millins,"Half-price at 9 o'clock to Stalls and Boxes. Doors open at Seven, to commence at Half-past.","3D, 6D, 9D, 1s, 2s",
NFA178R12-16,,Argyle Theatre of Varieties,"(Late PRINCE OF WALES), Argyle Street, Birkenhead","Monday, Jan 26, 1891","Variet Entertainers, Introducing thier clever Performing Dog, ROSE.",Brady,"Half-price at 9 o'clock to Stalls and Boxes. Doors open at Seven, to commence at Half-past.","3D, 6D, 9D, 1s, 2s",
NFA178R12-16,,Argyle Theatre of Varieties,"(Late PRINCE OF WALES), Argyle Street, Birkenhead","Monday, Jan 26, 1891","Variet Entertainers, Introducing thier clever Performing Dog, ROSE.",Johnson,"Half-price at 9 o'clock to Stalls and Boxes. Doors open at Seven, to commence at Half-past.","3D, 6D, 9D, 1s, 2s",
NFA178R12-16,,Argyle Theatre of Varieties,"(Late PRINCE OF WALES), Argyle Street, Birkenhead","Monday, Jan 26, 1891",THE WORLD'S WONDERS,Donaldson Bros.,"Half-price at 9 o'clock to Stalls and Boxes. Doors open at Seven, to commence at Half-past.","3D, 6D, 9D, 1s, 2s",
NFA178R12-10,,Argyle Theatre of Varieties,"(Late PRINCE OF WALES), Argyle Street, Birkenhead","Monday, Mar 17, 1890","The Deservedly Popular Comic Vocalist, CHaracter Artiste, Humorist, and one of the most prominent Entertainers of the Day.",Ripon,"Half-price at 9 o'clock to Stalls and Boxes. Doors open at Seven, to commence at Half-past.","3D, 6D, 9D, 1s, 2s",
NFA178R12-10,,Argyle Theatre of Varieties,"(Late PRINCE OF WALES), Argyle Street, Birkenhead","Monday, Mar 17, 1890",Lady Speciality Artiste.,Pretty Peggy Pond,"Half-price at 9 o'clock to Stalls and Boxes. Doors open at Seven, to commence at Half-past.","3D, 6D, 9D, 1s, 2s",
NFA178R12-10,,Argyle Theatre of Varieties,"(Late PRINCE OF WALES), Argyle Street, Birkenhead","Monday, Mar 17, 1890","Vocal Character Actor, See his Specialities, ""What's a Man,"" and ""An English Dragoon.""",Spears,"Half-price at 9 o'clock to Stalls and Boxes. Doors open at Seven, to commence at Half-past.","3D, 6D, 9D, 1s, 2s",
NFA178R12-10,,Argyle Theatre of Varieties,"(Late PRINCE OF WALES), Argyle Street, Birkenhead","Monday, Mar 17, 1890","The Sensational Knockabouts, Irish and American Comedians, Dancers and Burlesque Actors.",McGrath,"Half-price at 9 o'clock to Stalls and Boxes. Doors open at Seven, to commence at Half-past.","3D, 6D, 9D, 1s, 2s",
NFA178R12-10,,Argyle Theatre of Varieties,"(Late PRINCE OF WALES), Argyle Street, Birkenhead","Monday, Mar 17, 1890",The Favourite Ballad Vocalist and Burlesque Actress.,Arnold,"Half-price at 9 o'clock to Stalls and Boxes. Doors open at Seven, to commence at Half-past.","3D, 6D, 9D, 1s, 2s",
NFA178R12-10,,Argyle Theatre of Varieties,"(Late PRINCE OF WALES), Argyle Street, Birkenhead","Monday, Mar 17, 1890",Dutch and Character Comedian and CHaracteristic Change Artiste.,Tom Stanley,"Half-price at 9 o'clock to Stalls and Boxes. Doors open at Seven, to commence at Half-past.","3D, 6D, 9D, 1s, 2s",
NFA178R12-10,,Argyle Theatre of Varieties,"(Late PRINCE OF WALES), Argyle Street, Birkenhead","Monday, Mar 17, 1890",Vocalist and Dancer,Fred Austin,"Half-price at 9 o'clock to Stalls and Boxes. Doors open at Seven, to commence at Half-past.","3D, 6D, 9D, 1s, 2s",
NFA178R12-10,,Argyle Theatre of Varieties,"(Late PRINCE OF WALES), Argyle Street, Birkenhead","Monday, Mar 17, 1890","The Talkative Two. CHampion Chinners. Leather-Tongued Luminaries. THE CONVERSATIONAL COMEDIANS Best any other Brace of Burlesuists on the boards; and bear this in mind, they can both Sing and Dance.",Geraghty,"Half-price at 9 o'clock to Stalls and Boxes. Doors open at Seven, to commence at Half-past.","3D, 6D, 9D, 1s, 2s",
NFA178R12-10,,Argyle Theatre of Varieties,"(Late PRINCE OF WALES), Argyle Street, Birkenhead","Monday, Mar 17, 1890","The Talkative Two. CHampion Chinners. Leather-Tongued Luminaries. THE CONVERSATIONAL COMEDIANS Best any other Brace of Burlesuists on the boards; and bear this in mind, they can both Sing and Dance.",Gilligan,"Half-price at 9 o'clock to Stalls and Boxes. Doors open at Seven, to commence at Half-past.","3D, 6D, 9D, 1s, 2s",
NFA178R12-9,,Argyle Theatre of Varieties,"(Late PRINCE OF WALES), Argyle Street, Birkenhead","Monday, Mar 3, 1890","FOUR IN NUMBER. BEAUTIFUL YOUNG LADY BICYCLISTS, ADELE, EMMALINE, WINIFRED and BELLE, each one an Artiste and Performer. THE CARNIVAL OF BADOURA LANTERNS. Performed only by the Four Young Ladies of this Troupe.",Silvani Troupe,"Half-price at 9 o'clock to Stalls and Boxes. Doors open at Seven, to commence at Half-past.","3D, 6D, 9D, 1s, 2s",
NFA178R12-9,,Argyle Theatre of Varieties,"(Late PRINCE OF WALES), Argyle Street, Birkenhead","Monday, Mar 3, 1890","""The Rocket Queen.""",Louie Deakin,"Half-price at 9 o'clock to Stalls and Boxes. Doors open at Seven, to commence at Half-past.","3D, 6D, 9D, 1s, 2s",
NFA178R12-9,,Argyle Theatre of Varieties,"(Late PRINCE OF WALES), Argyle Street, Birkenhead","Monday, Mar 3, 1890","Colodianist, Comedian and Colour-Sketcher.",Westwood,"Half-price at 9 o'clock to Stalls and Boxes. Doors open at Seven, to commence at Half-past.","3D, 6D, 9D, 1s, 2s",
NFA178R12-9,,Argyle Theatre of Varieties,"(Late PRINCE OF WALES), Argyle Street, Birkenhead","Monday, Mar 3, 1890",Eccentric Negro Comedian and Dancer.,Bob Gates,"Half-price at 9 o'clock to Stalls and Boxes. Doors open at Seven, to commence at Half-past.","3D, 6D, 9D, 1s, 2s",
NFA178R12-9,,Argyle Theatre of Varieties,"(Late PRINCE OF WALES), Argyle Street, Birkenhead","Monday, Mar 3, 1890","In all New G'ees, Trios and Miscellaneous Songs.",Olympian Quintette,"Half-price at 9 o'clock to Stalls and Boxes. Doors open at Seven, to commence at Half-past.","3D, 6D, 9D, 1s, 2s",
NFA178R12-9,,Argyle Theatre of Varieties,"(Late PRINCE OF WALES), Argyle Street, Birkenhead","Monday, Mar 3, 1890",Serio and Dancer.,Nellie Ward,"Half-price at 9 o'clock to Stalls and Boxes. Doors open at Seven, to commence at Half-past.","3D, 6D, 9D, 1s, 2s",
NFA178R12-9,,Argyle Theatre of Varieties,"(Late PRINCE OF WALES), Argyle Street, Birkenhead","Monday, Mar 3, 1890",The Renowned Irish Comedian and Vocalist.,Brannan,"Half-price at 9 o'clock to Stalls and Boxes. Doors open at Seven, to commence at Half-past.","3D, 6D, 9D, 1s, 2s",
NFA178R12-9,,Argyle Theatre of Varieties,"(Late PRINCE OF WALES), Argyle Street, Birkenhead","Monday, Mar 3, 1890","BY MESSRS. CORNISH, HARDY, SAMPSON AND THE BROTHERS SLOCUM.",BACK FROM KANSAS,"Half-price at 9 o'clock to Stalls and Boxes. Doors open at Seven, to commence at Half-past.","3D, 6D, 9D, 1s, 2s",