file,venue_name,venue_location,date,act_name,performers,description,billing_notes,ticket_prices
NFA178R12-103_binarized.png,Argyle Theatre of Varieties,Birkenhead,"MONDAY, FEB. 10, 1896, & EVERY EVENING DURING THE WEEK",MANNONS,SOUTH AFRICAN DOGS!,The Most Wonderful Act Ever Performed by Dogs.,Admitted by Pass and Pulla to be Unrestrained.,[illegible]
NFA178R12-103_binarized.png,Argyle Theatre of Varieties,Birkenhead,"MONDAY, FEB. 10, 1896, & EVERY EVENING DURING THE WEEK",FILLIS,VALROSE,"The Charming Comic-Vocalist, in all her latest Successes.",First Appearance of Miss MILLER,[illegible]
NFA178R12-103_binarized.png,Argyle Theatre of Varieties,Birkenhead,"MONDAY, FEB. 10, 1896, & EVERY EVENING DURING THE WEEK",CAIRNS,BURNAND FAUE,Radio-Comedians and Humorous Actors.,First Appearance here of Mr. ALLEN,[illegible]
NFA178R12-103_binarized.png,Argyle Theatre of Varieties,Birkenhead,"MONDAY, FEB. 10, 1896, & EVERY EVENING DURING THE WEEK",HARRY ZETTER,PURSSORD,Eccentric Comedian and Dancer.,"Special Engagement for Six Nights only, of Mr. WALTER",[illegible]
NFA178R12-103_binarized.png,Argyle Theatre of Varieties,Birkenhead,"MONDAY, FEB. 10, 1896, & EVERY EVENING DURING THE WEEK",EMR. SYDNEY LEE,TENNYSON O'GORMAN,In a Marvellous and bewildering Exhibition of Human Electricity.,The Only Show of its kind on the Variety Stage.,[illegible]
NFA178R12-104_binarized.png,ARGYLE THEATRE OF VARIETIES,BIRKENHEAD,"Monday, Aug. 10, 1896",SPRY AND FLORENCE AUSTIN,SPRY; AUSTIN,The Premier Vaudeville Artist.,In A COMEDY ACT AT THE ESSENCE OF REFLEXIBNESS.,
NFA178R12-104_binarized.png,ARGYLE THEATRE OF VARIETIES,BIRKENHEAD,"Monday, Aug. 10, 1896",MYRA MAY HOWARD,MYRA MAY HOWARD,The Planning Supreme Vaudeville.,First Appearance here of Mrs.,
NFA178R12-104_binarized.png,ARGYLE THEATRE OF VARIETIES,BIRKENHEAD,"Monday, Aug. 10, 1896",BENNETT MARTELL,BENNETT MARTELL,"Comedians, Humorous Characters, Military Act and Song.",First Appearance here of Mr.,
NFA178R12-104_binarized.png,ARGYLE THEATRE OF VARIETIES,BIRKENHEAD,"Monday, Aug. 10, 1896",KATE TOOLE,KATE TOOLE,The Popular London Bartlemite Actress.,,
NFA178R12-104_binarized.png,ARGYLE THEATRE OF VARIETIES,BIRKENHEAD,"Monday, Aug. 10, 1896",LITTLE TONY,LITTLE TONY,Character Comedian.,,
NFA178R12-104_binarized.png,ARGYLE THEATRE OF VARIETIES,BIRKENHEAD,"Monday, Aug. 10, 1896",NORA GONNOR,NORA GONNOR,Serio-Comic Vocalist and Dancer.,"Return Starring Beggar's Opera, London's Greatest Favourite.",
NFA178R12-104_binarized.png,ARGYLE THEATRE OF VARIETIES,BIRKENHEAD,"Monday, Aug. 10, 1896",MAUD NEEDHAM,MAUD NEEDHAM,Serio-Comic Vocalist.,The Promotional Theatre Association at his Latest Enthusiastic Performance.,
NFA178R12-10_binarized.png,Arcyle Theatre of Varieties,"(Late Prince of Wales), Angley Street, Birkenhead","Monday, Mar. 17, 1890.",RIPON,Pretty Peggy Pond,Lady Speciality Artist.,Return after a long absence of 7 H.,3p. 6d.
NFA178R12-10_binarized.png,Arcyle Theatre of Varieties,"(Late Prince of Wales), Angley Street, Birkenhead","Monday, Mar. 17, 1890.",McGRATH,SPEARS,Vocal Character Actor.,"She his Specialtation, 'What's His Name,' and 'An English Urgeon.'",3p. 6d.
NFA178R12-10_binarized.png,Arcyle Theatre of Varieties,"(Late Prince of Wales), Angley Street, Birkenhead","Monday, Mar. 17, 1890.",ARNOLD,TOM STANLEY,"The Scandalist Knockabout, Irish and American Comedians, Dancers and Burlesque Artists.",First Appearance here of Miss M. O.,3p. 6d.
NFA178R12-10_binarized.png,Arcyle Theatre of Varieties,"(Late Prince of Wales), Angley Street, Birkenhead","Monday, Mar. 17, 1890.",FRED AUSTIN,GERAGHTY AND GILLIGAN,The Talkative Two. Champion Chasers. Leather-Tongued Liminators. THE CONVERSATIONAL COMEDIANS.,"Beat any other Space of Burlesque on the boards; and bear this in mind, they",3p. 6d.
NFA178R12-16_binarized.png,Argyle Theatre of Varieties,"Anglo Street, Albermarle","JAN. 26, 1891",FRAZER AND ALLEN,MIXTURES.,[No description provided],First Appearance of Miss,3d. 6d. 9p.
NFA178R12-16_binarized.png,Argyle Theatre of Varieties,"Anglo Street, Albermarle","JAN. 26, 1891",GLADYS LORNE,Bano-Comedians.,[No description provided],Engagement of Miss,3d. 6d. 9p.
NFA178R12-16_binarized.png,Argyle Theatre of Varieties,"Anglo Street, Albermarle","JAN. 26, 1891",3 STANNARDS AND MISS PATRICK,The Greatest of all Temperance VocaLists.,[No description provided],First Appearance of MR. ARTHUR,3d. 6d. 9p.
NFA178R12-16_binarized.png,Argyle Theatre of Varieties,"Anglo Street, Albermarle","JAN. 26, 1891",WEST,"The London Farquahans, Dustlins and Innuodde.",[No description provided],Return of the SISTERS,3d. 6d. 9p.
NFA178R12-16_binarized.png,Argyle Theatre of Varieties,"Anglo Street, Albermarle","JAN. 26, 1891",LEXMORE VOLTYNES,In Their Choral and Comical Performances on the Triple Monologue Stage.,[No description provided],First Appearance of,3d. 6d. 9p.
NFA178R12-16_binarized.png,Argyle Theatre of Varieties,"Anglo Street, Albermarle","JAN. 26, 1891",TED MILLINS,Comedian and Dancer.,[No description provided],First Appearance of,3d. 6d. 9p.
NFA178R12-16_binarized.png,Argyle Theatre of Varieties,"Anglo Street, Albermarle","JAN. 26, 1891",BRADY & JOHNSON,"VARIETY ENTERTAINMENT. Introducing their clever Performing Dog, ROSE.",[No description provided],MONDAY NIGHT.,3d. 6d. 9p.
NFA178R12-16_binarized.png,Argyle Theatre of Varieties,"Anglo Street, Albermarle","JAN. 26, 1891",DONALDSON BROS.,THE WORLD'S WONDERS.,[No description provided],,3d. 6d. 9p.
NFA178R12-17_binarized.png,Arcyle Theatre of Varieties,"Angle Street, BirminghAMD.","MONDAY, FEB. 2, 1891",Donaldson Brothers,Haslam; Carrie Joy; Mataros; Edgar Izon,America's Greatest and most Marvellous Performers. THE CENTURY'S SENSATION.,Mr. J. M.,3d. 6d. 9d. 1s.
NFA178R12-17_binarized.png,Arcyle Theatre of Varieties,"Angle Street, BirminghAMD.","MONDAY, FEB. 2, 1891",The Musical Combination,West; Nellie North; Forrest,Great Singers and Last Six Nights of Mr. Arthur,,3d. 6d. 9d. 1s.
NFA178R12-18_binarized.png,Arcyle Theatres of Varieties,"Late Prince of Wales, Angle Street, Birkenhead","Monday, April 6, 1891",Two Mags,Mike & Joe,The Greatest Irish Comedians on Earth,Their First Engagement in Birkenhead since they appeared in conjunction with the Liverpool STAR Company.,3d. 6d. 6d. 1s.
NFA178R12-18_binarized.png,Arcyle Theatres of Varieties,"Late Prince of Wales, Angle Street, Birkenhead","Monday, April 6, 1891",Peggy Pond,Sisters Weston,The Pianomaking Singer and Descriptive Vocalist.,,3d. 6d. 6d. 1s.
NFA178R12-18_binarized.png,Arcyle Theatres of Varieties,"Late Prince of Wales, Angle Street, Birkenhead","Monday, April 6, 1891",Blane,Maccabe,The Popular Tyrannical Teacher and Acting Warrior.,,3d. 6d. 6d. 1s.
NFA178R12-18_binarized.png,Arcyle Theatres of Varieties,"Late Prince of Wales, Angle Street, Birkenhead","Monday, April 6, 1891",Spears,Hibbs' Quartette,Military and Comic Vocalist.,,3d. 6d. 6d. 1s.
NFA178R12-18_binarized.png,Arcyle Theatres of Varieties,"Late Prince of Wales, Angle Street, Birkenhead","Monday, April 6, 1891",Miss Ada Lundberg,The Great Mills,The Greatest Star Low Comedy Artist in the World. Politically Believes His Rights.,,3d. 6d. 6d. 1s.
NFA178R12-204_binarized.png,Argyle Theatre of Varieties,Birkenhead,"Monday, Dec. 18th, 1911",Beth Morny,The California Girl,A Clever Star Comedianess with a Style completely her own.,,
NFA178R12-204_binarized.png,Argyle Theatre of Varieties,Birkenhead,"Monday, Dec. 18th, 1911",Four Sollies,Steve Bartle; Lizzie Glenroy; Ellis Barrieton,A Combination of Variety and Surprise.,,
NFA178R12-204_binarized.png,Argyle Theatre of Varieties,Birkenhead,"Monday, Dec. 18th, 1911","W. Selkirk's Grand Juvenile Spectacle, The Boy Scouts",Kindred of Selkirk's Chorus Sample,Performed by a Host of Birkenhead Children.,,
NFA178R12-205_binarized.png,Argyle Theatre of Varieties,Birkenhead,"Monday, Feb. 10, 1913",RADFORD VALENTINE,Maggie Benson,The Jolly Juggling Jester,,4d
NFA178R12-205_binarized.png,Argyle Theatre of Varieties,Birkenhead,"Monday, Feb. 10, 1913",MR. & MISS DEBREAN,Henry Helme,The Romantically Japanese Entertainer. The World's Premier Nephrographist. Accompanying THE MYSTERIOUS HEAD with amazing effects.,,4d
NFA178R12-205_binarized.png,Argyle Theatre of Varieties,Birkenhead,"Monday, Feb. 10, 1913",HAIDEE DE RANCE,Johnson & Bert Victor Travers,The Phenomenal Young Violinist and Vocalist.,,4d
NFA178R12-207_binarized.png,A'Gyle Theatre of Varieties,Birkenhead,"Monday, March 10, 1913",Jack and Evelyn Lloyd Morgan,Jack; Evelyn; Lloyd Morgan,"In their latest vaudeville, 'Quick Lunch'. Introducing a series of new songs, dances, and clever topical allusions.",First Time in Birkenhead,"No. 4d Circles & Stalls, 1s. Balcony, 6d. Pit & Amphitheatre 4d."
NFA178R12-207_binarized.png,A'Gyle Theatre of Varieties,Birkenhead,"Monday, March 10, 1913",Mayme Benington and her Piccaninnies,Mayme Benington,An American novelty act,,"No. 4d Circles & Stalls, 1s. Balcony, 6d. Pit & Amphitheatre 4d."
NFA178R12-207_binarized.png,A'Gyle Theatre of Varieties,Birkenhead,"Monday, March 10, 1913",Gus Hindell and Tom Neil,Gus Hindell; Tom Neil,Presenting Monologist,,"No. 4d Circles & Stalls, 1s. Balcony, 6d. Pit & Amphitheatre 4d."
NFA178R12-207_binarized.png,A'Gyle Theatre of Varieties,Birkenhead,"Monday, March 10, 1913",Gene Morelle and Stella Stahl,Gene Morelle; Stella Stahl,Comedians,,"No. 4d Circles & Stalls, 1s. Balcony, 6d. Pit & Amphitheatre 4d."
NFA178R12-207_binarized.png,A'Gyle Theatre of Varieties,Birkenhead,"Monday, March 10, 1913",Brown's Royal Bioscope,Brown's Royal Bioscope,Showing the Latest Novelties in Life-Motion Pictures,,"No. 4d Circles & Stalls, 1s. Balcony, 6d. Pit & Amphitheatre 4d."
NFA178R12-207_binarized.png,A'Gyle Theatre of Varieties,Birkenhead,"Monday, March 10, 1913",Esta Lorrimer Stella,Esta Lorrimer Stella,The Original Military Maid,,"No. 4d Circles & Stalls, 1s. Balcony, 6d. Pit & Amphitheatre 4d."
NFA178R12-208_binarized.png,Arcyle Theatre of Varieties,Birkenhead,"Monday, March 31, 1913",Wee Georgie Wood,Wee Georgie Wood,In his new scene.,Baby in India.,4d
NFA178R12-208_binarized.png,Arcyle Theatre of Varieties,Birkenhead,"Monday, March 31, 1913",Beaumont Collins,Beaumont Collins,Bed-fellows.,,4d
NFA178R12-208_binarized.png,Arcyle Theatre of Varieties,Birkenhead,"Monday, March 31, 1913",Mays Izars' Stable Lads,Mays Izars; Tom E.; Jack W.; Rooke Gosfrove Burns,After the trial.,,4d
NFA178R12-208_binarized.png,Arcyle Theatre of Varieties,Birkenhead,"Monday, March 31, 1913",Phil Rees,Phil Rees,Stable Lads.,,4d
NFA178R12-208_binarized.png,Arcyle Theatre of Varieties,Birkenhead,"Monday, March 31, 1913",Dean Brown's Royal Bioscope,Dean Brown,Showing the Latest Novelties in Life-Motion Pictures.,The Venetian Entertainers.,4d
NFA178R12-209_binarized.png,Argyle Theatre of Varieties,Birkenhead,"Monday, April 7, 1913",DOROTHY WARD,Premier Principal Boy and Clever Musical Comedy Artist,The Popular Comedian.,Who played 'Mrs. Nations' in the Royal Court Theatre Productions.,4d
NFA178R12-209_binarized.png,Argyle Theatre of Varieties,Birkenhead,"Monday, April 7, 1913",SHAUN GLENVILLE,,,,4d
NFA178R12-209_binarized.png,Argyle Theatre of Varieties,Birkenhead,"Monday, April 7, 1913",MRS. WALDER WALLIS PRESENTS THE 6 PURITAN MAIDS,,A Charming Vaudeville and Instrumental Entertainment.,,4d
NFA178R12-209_binarized.png,Argyle Theatre of Varieties,Birkenhead,"Monday, April 7, 1913",TORINO WAKEFIELD,,Cove Character Delineator.,,4d
NFA178R12-209_binarized.png,Argyle Theatre of Varieties,Birkenhead,"Monday, April 7, 1913",THE MANINGOS,,In Comedy Song and Jest Success.,,4d
NFA178R12-209_binarized.png,Argyle Theatre of Varieties,Birkenhead,"Monday, April 7, 1913",JENNY AND JOE,,,,4d
NFA178R12-209_binarized.png,Argyle Theatre of Varieties,Birkenhead,"Monday, April 7, 1913",THE THREE LYRES,"(II L Harvey F C Henderson & S B Lewis, American Comedy Musical Trio.",,,4d
NFA178R12-211_binarized.png,Argyle Theatre of Varieties,Birkenhead,"Monday, June 2, 1913",Willette Whitaker Valazzi,Willette Whitaker; Valazzi,"The World Renowned Juggler, Pedipulator and Aviator.","In a New Repertoire ""Songs on Sunny Subjects."" Assisted by Mr. F. Wilbur Hill.",PENNY admission
NFA178R12-211_binarized.png,Argyle Theatre of Varieties,Birkenhead,"Monday, June 2, 1913",Carr's Juvenile American Ragtime Octette,Stacey Williams,In their Drawing-room Interludes.,,PENNY admission
NFA178R12-211_binarized.png,Argyle Theatre of Varieties,Birkenhead,"Monday, June 2, 1913",Allen,Beatryce Allen,Vocal Comedians.,Brown's Royal Bioscope,PENNY admission
NFA178R12-211_binarized.png,Argyle Theatre of Varieties,Birkenhead,"Monday, June 2, 1913",Bella Chevaux,Bella Chevaux,Passing Young Suprene Vocalist.,,PENNY admission
NFA178R12-211_binarized.png,Argyle Theatre of Varieties,Birkenhead,"Monday, June 2, 1913",Shirley D'Albert,George Ramsome,The Popular Comedian.,,PENNY admission
NFA178R12-215_binarized.png,Arcyle Theatre of Varieties,Birkenhead,"Monday, July 21, 1913",Aubrey Fitzgerald and Frank Hill,Aubrey Fitzgerald; Frank Hill,In a new comic opera entitled 'Getting the Bird!',,4
NFA178R12-215_binarized.png,Arcyle Theatre of Varieties,Birkenhead,"Monday, July 21, 1913",Langtry Rathskeellar Trio,Langtry; Rathskeellar,The popular comedian.,,4
NFA178R12-215_binarized.png,Arcyle Theatre of Varieties,Birkenhead,"Monday, July 21, 1913","Mitchell, Wells & Lewis",Mitchell; Wells; Lewis,"Piano, Song and Laughter",,4
NFA178R12-215_binarized.png,Arcyle Theatre of Varieties,Birkenhead,"Monday, July 21, 1913",8 Seaside Girls,Crystal; Saville Rose Camby,"Harmonica, Vocalist and Clever Dandies, in a Pretty and Charming Comedy",From the London Collieries and Colliemium.,4
NFA178R12-215_binarized.png,Arcyle Theatre of Varieties,Birkenhead,"Monday, July 21, 1913",Allen Bioscope,Allen,Dainty Duetists and Specialty Dancers. Showing the Latest Movements in Life-Motion Pictures.,,4
NFA178R12-215_binarized.png,Arcyle Theatre of Varieties,Birkenhead,"Monday, July 21, 1913","The Cycle Tamper, A. D.",Robbins and his Co.,,,4
NFA178R12-220_binarized.png,ARGYLL THEATRE OF VARIETIES,BIRKENHEAD,"Monday, Feb. 2nd, 1914",LIPINSKI'S 40 DOG COMEDIANS,ARTHUR LENNARD; WILSON AND NELLIE,A Wonderful Animal Pantomime!,In his Clever Charivari Songs.,Private Boxes: £20; Stalls: £16.50; Balcony: £10.50
NFA178R12-220_binarized.png,ARGYLL THEATRE OF VARIETIES,BIRKENHEAD,"Monday, Feb. 2nd, 1914",GIPSY WOOLF AND GIRLS including DOFF DEE.,BILLY SIMPSON; STACEY WILLIAMS,A Comedy Duo per exhibition.,The Laughing Sisters,Private Boxes: £20; Stalls: £16.50; Balcony: £10.50
NFA178R12-220_binarized.png,ARGYLL THEATRE OF VARIETIES,BIRKENHEAD,"Monday, Feb. 2nd, 1914",HARRY THORNTON AND EMMA WAGNER,HARRY THORNTON; EMMA WAGNER,A Clever American Vocal and Instrumental Act,Showing the Latest Revelries in Life-Motion Pictures.,Private Boxes: £20; Stalls: £16.50; Balcony: £10.50
NFA178R12-258_binarized.png,Argyle Theatre of Varieties,Birkenhead,"Monday, February 16, 1920",ERNIE MAYNE,ERNIE MAYNE,The Simple One.,,3/ 2/6 2/- 2/- 1/- 9d. 6d.
NFA178R12-258_binarized.png,Argyle Theatre of Varieties,Birkenhead,"Monday, February 16, 1920",NORMAN FIELD,NORMAN FIELD,And his Harp.,"Austisted by M'DLLE SIRIMALTA, Premiere Danseuse, is a Dancing Follie 'The Harpiste's Dream'. The Original Entertainers.",3/ 2/6 2/- 2/- 1/- 9d. 6d.
NFA178R12-258_binarized.png,Argyle Theatre of Varieties,Birkenhead,"Monday, February 16, 1920",THE FOUR K-FOLEY'S,K-FOLEY'S,In a Novel Vagabond Comedy Scene.,,3/ 2/6 2/- 2/- 1/- 9d. 6d.
NFA178R12-258_binarized.png,Argyle Theatre of Varieties,Birkenhead,"Monday, February 16, 1920",GEORGE BOLTON,GEORGE BOLTON,"Entertainer, with His Voice and Piano.",,3/ 2/6 2/- 2/- 1/- 9d. 6d.
NFA178R12-258_binarized.png,Argyle Theatre of Varieties,Birkenhead,"Monday, February 16, 1920",TWO NONDESCRITS,TWO NONDESCRITS,,,3/ 2/6 2/- 2/- 1/- 9d. 6d.
NFA178R12-258_binarized.png,Argyle Theatre of Varieties,Birkenhead,"Monday, February 16, 1920",MAY KINAHAN,MAY KINAHAN,,,3/ 2/6 2/- 2/- 1/- 9d. 6d.
NFA178R12-258_binarized.png,Argyle Theatre of Varieties,Birkenhead,"Monday, February 16, 1920",BROWN BIOSCOPE,BROWN BIOSCOPE,,,3/ 2/6 2/- 2/- 1/- 9d. 6d.
NFA178R12-258_binarized.png,Argyle Theatre of Varieties,Birkenhead,"Monday, February 16, 1920",MERLES' COCKATTOOS,MERLES' COCKATTOOS,,,3/ 2/6 2/- 2/- 1/- 9d. 6d.
NFA178R12-259_binarized.png,Argyle Theatre of Varieties,Birkenhead,"Monday, February 23, 1920",Peter Paris,Peter Paris,Successful Famer in Definitive Character Comedy,,3/- 2/6 2/- 2/- 1/- 9d 6d.
NFA178R12-259_binarized.png,Argyle Theatre of Varieties,Birkenhead,"Monday, February 23, 1920",Foster Kershaw,Foster Kershaw,,,3/- 2/6 2/- 2/- 1/- 9d 6d.
NFA178R12-259_binarized.png,Argyle Theatre of Varieties,Birkenhead,"Monday, February 23, 1920",Terry Twins,Terry Twins,Twins of Connaught,,3/- 2/6 2/- 2/- 1/- 9d 6d.
NFA178R12-259_binarized.png,Argyle Theatre of Varieties,Birkenhead,"Monday, February 23, 1920",Renee Emerson & Gilbert,Renee Emerson; Gilbert,"""Rags"" and his Black Friend",,3/- 2/6 2/- 2/- 1/- 9d 6d.
NFA178R12-259_binarized.png,Argyle Theatre of Varieties,Birkenhead,"Monday, February 23, 1920",Diana Dane,Diana Dane,,,3/- 2/6 2/- 2/- 1/- 9d 6d.
NFA178R12-259_binarized.png,Argyle Theatre of Varieties,Birkenhead,"Monday, February 23, 1920",Howard & Wyndham,Howard; Wyndham,,,3/- 2/6 2/- 2/- 1/- 9d 6d.
NFA178R12-259_binarized.png,Argyle Theatre of Varieties,Birkenhead,"Monday, February 23, 1920",Ernie and Chester,Ernie; Chester,,,3/- 2/6 2/- 2/- 1/- 9d 6d.
NFA178R12-262_binarized.png,Argyle Theatre of Varieties,Birkenhead,"Monday, April 19th, 1920",WAL LANCETRY,Collie; Billie,Popular Comedian. Boy and Drill.,,3/- 2/6 2/- 1/- 9d. 6d.
NFA178R12-262_binarized.png,Argyle Theatre of Varieties,Birkenhead,"Monday, April 19th, 1920",MOORE,Frances Kinders,,,3/- 2/6 2/- 1/- 9d. 6d.
NFA178R12-262_binarized.png,Argyle Theatre of Varieties,Birkenhead,"Monday, April 19th, 1920",IVOR WINTER,Jack & Lily Butt,,,3/- 2/6 2/- 1/- 9d. 6d.
NFA178R12-262_binarized.png,Argyle Theatre of Varieties,Birkenhead,"Monday, April 19th, 1920",WIGLEY,Muriel George & Butcher,Prince Charming,,3/- 2/6 2/- 1/- 9d. 6d.
NFA178R12-263_binarized.png,Argyle Theatre of Varieties,Birkenhead,"Monday, May 3rd, 1920",White Gunliffe,The Singer of some of Variety's Greatest Song Successes.,,,3/- 2/6 2/- 1/- 9d 6d.
NFA178R12-263_binarized.png,Argyle Theatre of Varieties,Birkenhead,"Monday, May 3rd, 1920",Mangin and Kerbel,Job; Syd,Was familiar with Jolly Songs.,,3/- 2/6 2/- 1/- 9d 6d.
NFA178R12-263_binarized.png,Argyle Theatre of Varieties,Birkenhead,"Monday, May 3rd, 1920",Arthur Ferris,Zelinda Davies,The Singer with a Cheer.,,3/- 2/6 2/- 1/- 9d 6d.
NFA178R12-263_binarized.png,Argyle Theatre of Varieties,Birkenhead,"Monday, May 3rd, 1920",Tom Payne,,The World-Famous Musician-Athlete.,,3/- 2/6 2/- 1/- 9d 6d.
NFA178R12-263_binarized.png,Argyle Theatre of Varieties,Birkenhead,"Monday, May 3rd, 1920",Junes Massona,,Jumping Nonsense.,,3/- 2/6 2/- 1/- 9d 6d.
NFA178R12-263_binarized.png,Argyle Theatre of Varieties,Birkenhead,"Monday, May 3rd, 1920",Brown's Bioscope,,Showing a Series of Popular and Attractive Pictures.,,3/- 2/6 2/- 1/- 9d 6d.
NFA178R12-263_binarized.png,Argyle Theatre of Varieties,Birkenhead,"Monday, May 3rd, 1920",De Wynne Brothers,,,,3/- 2/6 2/- 1/- 9d 6d.
NFA178R12-267_binarized.png,ARGYLE THEATRE OF VARIETIES,BIRKENHEAD,"Monday, July 19th, 1920",LAKE AND TOM BARRASFORD,LAKE; TOM BARRASFORD,in Vivacious Vecism.,,3/ 2/6 2/- 2/- 1/- 9d. 6d.
NFA178R12-267_binarized.png,ARGYLE THEATRE OF VARIETIES,BIRKENHEAD,"Monday, July 19th, 1920",MILES-STAVORDALE QUINTETTE,MILES; STAVORDALE,SINGS WITHOUT SINGERS. VOICES ON STRINGS. A Wonderful and Perfect Imitation of the Human Voice on Instruments.,,3/ 2/6 2/- 2/- 1/- 9d. 6d.
NFA178R12-267_binarized.png,ARGYLE THEATRE OF VARIETIES,BIRKENHEAD,"Monday, July 19th, 1920","J. H. SCOTLAND PRESENTING BONG, COMEDY, DICTATE, AC.",J. H. SCOTLAND,,,3/ 2/6 2/- 2/- 1/- 9d. 6d.
NFA178R12-267_binarized.png,ARGYLE THEATRE OF VARIETIES,BIRKENHEAD,"Monday, July 19th, 1920",THE GOTTZIRAS,THE GOTTZIRAS,Comedian who Talks a bit and Sings a lot. In a Series of New Ideas.,,3/ 2/6 2/- 2/- 1/- 9d. 6d.
NFA178R12-267_binarized.png,ARGYLE THEATRE OF VARIETIES,BIRKENHEAD,"Monday, July 19th, 1920",MADAM GODWIN PRESENTS THE MUSICAL ACT 'SORANNY'S BIRTHDAY',MADAM GODWIN,,,3/ 2/6 2/- 2/- 1/- 9d. 6d.
NFA178R12-267_binarized.png,ARGYLE THEATRE OF VARIETIES,BIRKENHEAD,"Monday, July 19th, 1920",THE OWYNS BROWNS ROYAL BIOSCOPE,THE OWYNS BROWNS ROYAL BIOSCOPE,In Harmony.,,3/ 2/6 2/- 2/- 1/- 9d. 6d.
NFA178R12-267_binarized.png,ARGYLE THEATRE OF VARIETIES,BIRKENHEAD,"Monday, July 19th, 1920",MURPHY & MACK PRESENT 'THE MAJOR'S RELECTION',MURPHY; &; MACK,,,3/ 2/6 2/- 2/- 1/- 9d. 6d.
NFA178R12-26_binarized.png,Argyle Theatre of Varieties,Birkenhead,"Monday, August 8th, 1892",Reynolds Bros.,Sisters Kendal,Exquisite vocalists and dancers,"For one week only, the charming George Reynolds",Time of opening and prices as usual
NFA178R12-26_binarized.png,Argyle Theatre of Varieties,Birkenhead,"Monday, August 8th, 1892",Lonsdale & Eraghty,Miss Nellie Horman,The elegant conversationalists,"For six nights only, Miss Nellie Horman",Time of opening and prices as usual
NFA178R12-26_binarized.png,Argyle Theatre of Varieties,Birkenhead,"Monday, August 8th, 1892",Wright,Mr. Robert Emslie,A comic vocalist you can understand,"Most important Engagement. In the League of Great England, of 1842. Winifred Wright",Time of opening and prices as usual
NFA178R12-28_binarized.png,ARGYLE THEATRE OF VARIETIES,BIRKENHEAD,"MONDAY, AUGUST 22nd, 1892, AND EVERY EVENING DURING THE WEEK",ALLIS JUAN,MAY ARALINE ROWLAND,[illegible],"Engagement for Six Nights Only, at Messrs.",[illegible]
NFA178R12-28_binarized.png,ARGYLE THEATRE OF VARIETIES,BIRKENHEAD,"MONDAY, AUGUST 22nd, 1892, AND EVERY EVENING DURING THE WEEK",MERIE ROSEE,[illegible],Variety Artist and Specialty Lighting Change Artist.,Engagement for One Week Only of Him.,[illegible]
NFA178R12-28_binarized.png,ARGYLE THEATRE OF VARIETIES,BIRKENHEAD,"MONDAY, AUGUST 22nd, 1892, AND EVERY EVENING DURING THE WEEK",ANNIE FOXCROFT,[illegible],Variety Artist and Hungarian Boothuness.,"For Six Nights Only, His Charming",[illegible]
NFA178R12-28_binarized.png,ARGYLE THEATRE OF VARIETIES,BIRKENHEAD,"MONDAY, AUGUST 22nd, 1892, AND EVERY EVENING DURING THE WEEK",SISTERS TERRY,[illegible],"Varietage Artistes, Vocalists and Dancers.","For Six Nights Only, Mr.",[illegible]
NFA178R12-28_binarized.png,ARGYLE THEATRE OF VARIETIES,BIRKENHEAD,"MONDAY, AUGUST 22nd, 1892, AND EVERY EVENING DURING THE WEEK",JAMES MCCAIL,[illegible],Philadelphia Crossquail And Wonderful Dancer.,"Afterwards, after a long absence of the Bosentric Comedian, Mr. FRED",[illegible]
NFA178R12-28_binarized.png,ARGYLE THEATRE OF VARIETIES,BIRKENHEAD,"MONDAY, AUGUST 22nd, 1892, AND EVERY EVENING DURING THE WEEK",DARBY,[illegible],Dancer and Specialty Artist.,Time of Opening and Prices as Usual.,[illegible]
NFA178R12-30_binarized.png,ARGYLE THEATRE OF VARIETIES,BIRKENHEAD,"MONDAY, OCTOBER 10th, 1892 AND EVERY EVENING DURING THE WEEK",SAM TORK,D'SEMINCOURT BELMONT & MINNIE GHENT KAYAMAGH SISTERS LESLIE TEMPLES MULDOON,"The Celebrated London Comic Vocalist, In his Latest Specialities and his Revue.","Special Engagement, for the Lowers of Good Bigging of Miss MANIE A Wonderful Reproson Vocalist. For Six Nights only. Mr. FRANK Comic Vocalist and Dancer. Engagement, for One Week, of Miss J. H. Speetlable Song and Dance Artists. Another Important Engagement, for One Week, Mr. J. H. The Popular Star Comedian and Premier Minin. For One Night only, the Charming Vocalists and Dancers. Engagement, for One Week, of the Celebrated In their Wonderful Musical Entertainment. For Six nights only, Mr. JOHNNY Irish Entertainers.",
NFA178R12-35_binarized.png,ARGYLE THEATRE OF VARIETIES,BIRKENHEAD,"MONDAY, DECEMBER 12th, 1892",BASSETT,RUTH GROSVENOR,In all his Wonderful New Improvisations.,Engagement for One Week only of Miss R.,"WANTED MUSICAL MASTERS, Black and White Comedians, Economic Performers and Dayers."
NFA178R12-35_binarized.png,ARGYLE THEATRE OF VARIETIES,BIRKENHEAD,"MONDAY, DECEMBER 12th, 1892",ASHFORD & GUINARD,OLDENE MATTHEWS,The only Lady Acrobatic and Talking Clown in the Profession.,For Six Nights Only. Mr. AUSTIN LENTON,"WANTED MUSICAL MASTERS, Black and White Comedians, Economic Performers and Dayers."
NFA178R12-35_binarized.png,ARGYLE THEATRE OF VARIETIES,BIRKENHEAD,"MONDAY, DECEMBER 12th, 1892",ALBERT HAYWARD,LITTLE TONY CARLTH E PRICE,Comic Vocalist and Descriptive Actor.,Regretment of the Wonderful Prize Packet.,"WANTED MUSICAL MASTERS, Black and White Comedians, Economic Performers and Dayers."
NFA178R12-37_binarized.png,ARGYLL THEATRE OF VARIETIES,BIRKENHEAD,"MONDAY, MARCH 20th, 1893",HARRISON,ARCHIE RICHARDS,See their Laughable Act. 'MURPHY'S DANCING CONTEST.',Engagement for this Week only. Miss,...
NFA178R12-37_binarized.png,ARGYLL THEATRE OF VARIETIES,BIRKENHEAD,"MONDAY, MARCH 20th, 1893",EMSLEY,NELLY MAC COTTERILL,American Comedies and Musical Expert.,For this Week only. Miss,...
NFA178R12-37_binarized.png,ARGYLL THEATRE OF VARIETIES,BIRKENHEAD,"MONDAY, MARCH 20th, 1893",COMBINATION,ADA WHITTON; HENSEY; BARRINGTON MASSEY,"In their Side-epithets Absurdity, entitled 'A GREAT MISTAKE!'. Another Christie Performer, for Six Nights only. Miss","For this Week only. Renowned Comic Singer, Mr. TED",...
NFA178R12-38_binarized.png,ARGYLL THEATRE OF VARIETIES,BIRKENHEAD,"EASTER MONDAY, APRIL 3RD, 1893",Mr. ARTHUR LLOYD,THE GREAT VOCAL COMEDIAN.,,,[illegible]
NFA178R12-38_binarized.png,ARGYLL THEATRE OF VARIETIES,BIRKENHEAD,"EASTER MONDAY, APRIL 3RD, 1893",HOLMES AND MISS MARION LENA,PRINCE SAWYER & ELLIS DE CONE,Their Marvelous Performance both Nore and Amuse.,"For Six Nights only, Mr. GEORGE",[illegible]
NFA178R12-38_binarized.png,ARGYLL THEATRE OF VARIETIES,BIRKENHEAD,"EASTER MONDAY, APRIL 3RD, 1893",LESLIE KING-LLOYD,ANNIE KING-LLOYD,,,[illegible]
NFA178R12-38_binarized.png,ARGYLL THEATRE OF VARIETIES,BIRKENHEAD,"EASTER MONDAY, APRIL 3RD, 1893",VIOLET REEFERN,LOUISIANA QUARTETTE,"In Their Renowned and Beautiful Negro Ballads, Glee and Madrigals. See Their Iteration of the Roller Skate Dance.",,[illegible]
NFA178R12-39_binarized.png,Argyle Theatre of Varieties,Birkenhead,"Monday, April 10th, 1893",Dunbar,Cissie Trent,The Greatest Focal Actor in the Profession.,Queen of Quirkly Chantez Articles.,
NFA178R12-39_binarized.png,Argyle Theatre of Varieties,Birkenhead,"Monday, April 10th, 1893",Chippendale,Miss Retta Richter,Sonic Comic and Descriptive Vocalist.,First Appearance in Birkenhead by Mr. HARRY,
NFA178R12-39_binarized.png,Argyle Theatre of Varieties,Birkenhead,"Monday, April 10th, 1893",Foster,Louisa Minstrels,"The Vocal Proclamation, in his Celebrated Entertainments, Mirthful Moments.",In consequence of the Extremest Success of the Company of the Louisiana Minstrels They are retained for another Week.,
NFA178R12-39_binarized.png,Argyle Theatre of Varieties,Birkenhead,"Monday, April 10th, 1893",Polly Redfern,Regent O'Mara,Wonderful Voice - Favorite Songs - Splendid Wardschuss.,"For Six Nights only, the Pianing Vocalist, Miss",
NFA178R12-39_binarized.png,Argyle Theatre of Varieties,Birkenhead,"Monday, April 10th, 1893",Gatwards,Hal and Winnie,Specialty Performers of the Most Exquisite and Delicate Banjolite and Expert Manipulators of a Beautiful Pastel of Silvered Balls.,Time of Opening and Prices as Usual.,
NFA178R12-40_binarized.png,ARGYLE THEATRE OF VARIETIES,BIRKENHEAD,"MONDAY, APRIL 24th, 1893",Dempsey,Leslie,A Comedian & Vocalist,"For this Week only, the first appearance of Comedy, RERRIE JENWIT",[illegible]
NFA178R12-40_binarized.png,ARGYLE THEATRE OF VARIETIES,BIRKENHEAD,"MONDAY, APRIL 24th, 1893",Nixon,Pollinta's Wonderful Manikins!,"A Comedian, A Vocalist, A Dancer.",Important Engagement of Madame,[illegible]
NFA178R12-40_binarized.png,ARGYLE THEATRE OF VARIETIES,BIRKENHEAD,"MONDAY, APRIL 24th, 1893",Sisters Hill,Finley,A Character Lady & Descriptive Vocalist,"Original Yankee Specialties, Full of Fun, Novelty & Surprise.",[illegible]
NFA178R12-40_binarized.png,ARGYLE THEATRE OF VARIETIES,BIRKENHEAD,"MONDAY, APRIL 24th, 1893",Rankin,Valley,A Character Lady & Descriptive Vocalist,Another Specialty in Miss FLO,[illegible]
NFA178R12-40_binarized.png,ARGYLE THEATRE OF VARIETIES,BIRKENHEAD,"MONDAY, APRIL 24th, 1893",Woodhead,The Musical Marvel!,Who Performs upon 7 or 8 different Instruments at one time.,Look Out for Hal Aubrey's Grand Complimentary Benefit,[illegible]
NFA178R12-41_binarized.png,ARGYLE THEATRE OF VARIETIES,BIRKENHEAD,"MONDAY, MAY 1st, 1893",DALTREY HIGGINS,Miss SELINA,[illegible],[illegible],[illegible]
NFA178R12-41_binarized.png,ARGYLE THEATRE OF VARIETIES,BIRKENHEAD,"MONDAY, MAY 1st, 1893",SEAFORTH,Miss CARRIE,[illegible],[illegible],[illegible]
NFA178R12-41_binarized.png,ARGYLE THEATRE OF VARIETIES,BIRKENHEAD,"MONDAY, MAY 1st, 1893",ANDERSON ST. JOHNS,Gale and Edith,[illegible],[illegible],[illegible]
NFA178R12-41_binarized.png,ARGYLE THEATRE OF VARIETIES,BIRKENHEAD,"MONDAY, MAY 1st, 1893",LENA DORRETT,[illegible],[illegible],[illegible],[illegible]
NFA178R12-41_binarized.png,ARGYLE THEATRE OF VARIETIES,BIRKENHEAD,"MONDAY, MAY 1st, 1893",GRAHAM,[illegible],[illegible],[illegible],[illegible]
NFA178R12-41_binarized.png,ARGYLE THEATRE OF VARIETIES,BIRKENHEAD,"MONDAY, MAY 1st, 1893",NELLIE LOVELL,[illegible],[illegible],[illegible],[illegible]
NFA178R12-41_binarized.png,ARGYLE THEATRE OF VARIETIES,BIRKENHEAD,"MONDAY, MAY 1st, 1893",GOULD,[illegible],[illegible],[illegible],[illegible]
NFA178R12-41_binarized.png,ARGYLE THEATRE OF VARIETIES,BIRKENHEAD,"MONDAY, MAY 1st, 1893",5-ARLOTTIS-5,[illegible],[illegible],[illegible],[illegible]
NFA178R12-43_binarized.png,ARGYLL THEATRE OF VARIETIES,M. D. ORNINWELL,"MONDAY, JUNE 12th, 1893",BIGNELL THE DODGER UP-TO-DATE!,BIGNELL,One of the most Popular Comedians & Greatest Character Singers ON THE MUSIC HALL STAGE.,His Songs are whistled and sung all over London!,...
NFA178R12-9_binarized.png,Argyle Theatre of Varieties,"Angry Street, Birkenhead","Monday, Mar. 3, 1890",Silvani Troupe,Louie Deakin; Westwood Bob Gates,"Beautiful Young Lady Sicopolitians, Adel, Emma, Margaret, and Mary, the Four Young Ladies of the Troop.",First Appearance in Birkenhead of the Four Young Ladies of the Troop.,Gallery: 3d. 5d. 7d. 1s.
NFA178R12-9_binarized.png,Argyle Theatre of Varieties,"Angry Street, Birkenhead","Monday, Mar. 3, 1890",Olympian Quintette,Nellie Ward; Brannan,"In all New Jive, Trios and Miscellaneous Songs.",First Appearance in Birkenhead of Miss Nellie Ward Brannan.,Gallery: 3d. 5d. 7d. 1s.
NFA178R12-9_binarized.png,Argyle Theatre of Varieties,"Angry Street, Birkenhead","Monday, Mar. 3, 1890",Back From Kansas,Cornish; Hardy; Sampson; Brothers Slocum,"Great Success and Last Six Nights of the Plantation Songs, Dances, and the Original Entertainments.","By Messrs. Cornish, Hardy, Sampson and the Brothers Slocum.",Gallery: 3d. 5d. 7d. 1s.
